,episode,make_span,reward,min make span
0,0.0,1389.0,-33.829999999999984,1389.0
1,0.0,1321.0,-27.029999999999994,1321.0
2,0.0,1359.0,-30.82999999999999,1321.0
3,0.0,1377.0,-32.62999999999999,1321.0
4,0.0,1368.0,-31.729999999999993,1321.0
5,0.0,1432.0,-38.129999999999995,1321.0
6,0.0,1334.0,-28.329999999999984,1321.0
7,0.0,1332.0,-28.12999999999999,1321.0
8,0.0,1365.0,-31.42999999999999,1321.0
9,1.0,1359.0,-30.829999999999988,1321.0
10,1.0,1381.0,-33.029999999999994,1321.0
11,1.0,1415.0,-36.43,1321.0
12,1.0,1341.0,-29.029999999999998,1321.0
13,1.0,1313.0,-26.229999999999983,1313.0
14,1.0,1382.0,-33.12999999999998,1313.0
15,1.0,1347.0,-29.629999999999992,1313.0
16,1.0,1353.0,-30.229999999999976,1313.0
17,1.0,1402.0,-35.129999999999995,1313.0
18,2.0,1283.0,-23.229999999999986,1283.0
19,2.0,1440.0,-38.92999999999999,1283.0
20,2.0,1384.0,-33.329999999999984,1283.0
21,2.0,1346.0,-29.52999999999999,1283.0
22,2.0,1397.0,-34.62999999999998,1283.0
23,2.0,1332.0,-28.129999999999995,1283.0
24,2.0,1318.0,-26.729999999999993,1283.0
25,2.0,1326.0,-27.529999999999987,1283.0
26,2.0,1331.0,-28.029999999999998,1283.0
27,3.0,1473.0,-42.22999999999999,1283.0
28,3.0,1338.0,-28.729999999999986,1283.0
29,3.0,1429.0,-37.829999999999984,1283.0
30,3.0,1397.0,-34.629999999999995,1283.0
31,3.0,1463.0,-41.22999999999998,1283.0
32,3.0,1437.0,-38.629999999999995,1283.0
33,3.0,1375.0,-32.42999999999999,1283.0
34,3.0,1336.0,-28.52999999999999,1283.0
35,3.0,1378.0,-32.72999999999999,1283.0
36,4.0,1380.0,-32.92999999999999,1283.0
37,4.0,1304.0,-25.32999999999999,1283.0
38,4.0,1296.0,-24.529999999999987,1283.0
39,4.0,1322.0,-27.129999999999985,1283.0
40,4.0,1397.0,-34.62999999999999,1283.0
41,4.0,1351.0,-30.029999999999994,1283.0
42,4.0,1450.0,-39.92999999999999,1283.0
43,4.0,1410.0,-35.92999999999999,1283.0
44,4.0,1422.0,-37.12999999999999,1283.0
45,5.0,1313.0,-26.229999999999983,1283.0
46,5.0,1310.0,-25.92999999999999,1283.0
47,5.0,1416.0,-36.529999999999994,1283.0
48,5.0,1338.0,-28.72999999999999,1283.0
49,5.0,1254.0,-20.329999999999995,1254.0
50,5.0,1329.0,-27.82999999999999,1254.0
51,5.0,1320.0,-26.929999999999986,1254.0
52,5.0,1338.0,-28.729999999999997,1254.0
53,5.0,1318.0,-26.73,1254.0
54,6.0,1330.0,-27.92999999999999,1254.0
55,6.0,1345.0,-29.42999999999999,1254.0
56,6.0,1427.0,-37.629999999999995,1254.0
57,6.0,1374.0,-32.32999999999999,1254.0
58,6.0,1433.0,-38.23,1254.0
59,6.0,1358.0,-30.73,1254.0
60,6.0,1409.0,-35.82999999999998,1254.0
61,6.0,1458.0,-40.72999999999999,1254.0
62,6.0,1264.0,-21.32999999999999,1254.0
63,7.0,1334.0,-28.329999999999995,1254.0
64,7.0,1357.0,-30.62999999999998,1254.0
65,7.0,1322.0,-27.129999999999985,1254.0
66,7.0,1341.0,-29.029999999999987,1254.0
67,7.0,1275.0,-22.42999999999999,1254.0
68,7.0,1363.0,-31.229999999999986,1254.0
69,7.0,1344.0,-29.329999999999988,1254.0
70,7.0,1338.0,-28.729999999999986,1254.0
71,7.0,1264.0,-21.32999999999999,1254.0
72,8.0,1328.0,-27.729999999999983,1254.0
73,8.0,1271.0,-22.02999999999999,1254.0
74,8.0,1329.0,-27.82999999999999,1254.0
75,8.0,1464.0,-41.330000000000005,1254.0
76,8.0,1328.0,-27.72999999999999,1254.0
77,8.0,1379.0,-32.829999999999984,1254.0
78,8.0,1283.0,-23.22999999999999,1254.0
79,8.0,1284.0,-23.32999999999999,1254.0
80,8.0,1318.0,-26.730000000000004,1254.0
81,9.0,1307.0,-25.629999999999985,1254.0
82,9.0,1360.0,-30.92999999999999,1254.0
83,9.0,1341.0,-29.029999999999994,1254.0
84,9.0,1483.0,-43.22999999999999,1254.0
85,9.0,1310.0,-25.930000000000003,1254.0
86,9.0,1362.0,-31.129999999999995,1254.0
87,9.0,1397.0,-34.629999999999995,1254.0
88,9.0,1370.0,-31.929999999999993,1254.0
89,9.0,1307.0,-25.629999999999995,1254.0
90,10.0,1419.0,-36.83,1254.0
91,10.0,1416.0,-36.52999999999999,1254.0
92,10.0,1292.0,-24.13,1254.0
93,10.0,1310.0,-25.929999999999986,1254.0
94,10.0,1412.0,-36.129999999999995,1254.0
95,10.0,1345.0,-29.429999999999996,1254.0
96,10.0,1345.0,-29.429999999999993,1254.0
97,10.0,1395.0,-34.42999999999999,1254.0
98,10.0,1307.0,-25.629999999999995,1254.0
99,11.0,1476.0,-42.52999999999999,1254.0
100,11.0,1292.0,-24.129999999999992,1254.0
101,11.0,1292.0,-24.129999999999992,1254.0
102,11.0,1357.0,-30.62999999999999,1254.0
103,11.0,1269.0,-21.82999999999999,1254.0
104,11.0,1388.0,-33.72999999999999,1254.0
105,11.0,1292.0,-24.129999999999992,1254.0
106,11.0,1287.0,-23.62999999999999,1254.0
107,11.0,1336.0,-28.52999999999998,1254.0
108,12.0,1283.0,-23.229999999999993,1254.0
109,12.0,1310.0,-25.92999999999999,1254.0
110,12.0,1355.0,-30.429999999999993,1254.0
111,12.0,1335.0,-28.429999999999993,1254.0
112,12.0,1332.0,-28.129999999999995,1254.0
113,12.0,1299.0,-24.829999999999995,1254.0
114,12.0,1310.0,-25.92999999999999,1254.0
115,12.0,1325.0,-27.42999999999999,1254.0
116,12.0,1362.0,-31.129999999999992,1254.0
117,13.0,1306.0,-25.52999999999999,1254.0
118,13.0,1265.0,-21.429999999999993,1254.0
119,13.0,1365.0,-31.429999999999996,1254.0
120,13.0,1355.0,-30.429999999999996,1254.0
121,13.0,1283.0,-23.229999999999986,1254.0
122,13.0,1283.0,-23.229999999999983,1254.0
123,13.0,1283.0,-23.22999999999999,1254.0
124,13.0,1292.0,-24.129999999999992,1254.0
125,13.0,1334.0,-28.32999999999999,1254.0
126,14.0,1302.0,-25.12999999999999,1254.0
127,14.0,1292.0,-24.129999999999995,1254.0
128,14.0,1296.0,-24.52999999999999,1254.0
129,14.0,1315.0,-26.429999999999986,1254.0
130,14.0,1248.0,-19.72999999999999,1248.0
131,14.0,1454.0,-40.32999999999999,1248.0
132,14.0,1345.0,-29.429999999999996,1248.0
133,14.0,1301.0,-25.02999999999999,1248.0
134,14.0,1286.0,-23.529999999999994,1248.0
135,15.0,1324.0,-27.32999999999999,1248.0
136,15.0,1421.0,-37.03,1248.0
137,15.0,1385.0,-33.42999999999999,1248.0
138,15.0,1265.0,-21.429999999999993,1248.0
139,15.0,1337.0,-28.62999999999999,1248.0
140,15.0,1383.0,-33.22999999999999,1248.0
141,15.0,1388.0,-33.72999999999999,1248.0
142,15.0,1397.0,-34.62999999999999,1248.0
143,15.0,1283.0,-23.229999999999983,1248.0
144,16.0,1290.0,-23.929999999999993,1248.0
145,16.0,1264.0,-21.329999999999984,1248.0
146,16.0,1288.0,-23.729999999999993,1248.0
147,16.0,1438.0,-38.729999999999976,1248.0
148,16.0,1296.0,-24.52999999999999,1248.0
149,16.0,1283.0,-23.22999999999999,1248.0
150,16.0,1283.0,-23.229999999999983,1248.0
151,16.0,1383.0,-33.22999999999999,1248.0
152,16.0,1283.0,-23.229999999999983,1248.0
153,17.0,1358.0,-30.72999999999999,1248.0
154,17.0,1399.0,-34.829999999999984,1248.0
155,17.0,1310.0,-25.929999999999993,1248.0
156,17.0,1283.0,-23.22999999999999,1248.0
157,17.0,1380.0,-32.929999999999986,1248.0
158,17.0,1406.0,-35.53,1248.0
159,17.0,1377.0,-32.62999999999999,1248.0
160,17.0,1283.0,-23.229999999999993,1248.0
161,17.0,1393.0,-34.230000000000004,1248.0
162,18.0,1358.0,-30.729999999999997,1248.0
163,18.0,1309.0,-25.829999999999988,1248.0
164,18.0,1357.0,-30.62999999999999,1248.0
165,18.0,1283.0,-23.22999999999999,1248.0
166,18.0,1318.0,-26.72999999999999,1248.0
167,18.0,1477.0,-42.63000000000001,1248.0
168,18.0,1321.0,-27.029999999999987,1248.0
169,18.0,1293.0,-24.229999999999993,1248.0
170,18.0,1319.0,-26.829999999999995,1248.0
171,19.0,1352.0,-30.129999999999995,1248.0
172,19.0,1427.0,-37.62999999999999,1248.0
173,19.0,1531.0,-48.02999999999999,1248.0
174,19.0,1283.0,-23.229999999999993,1248.0
175,19.0,1433.0,-38.23,1248.0
176,19.0,1379.0,-32.82999999999999,1248.0
177,19.0,1375.0,-32.429999999999986,1248.0
178,19.0,1465.0,-41.42999999999998,1248.0
179,19.0,1469.0,-41.829999999999984,1248.0
180,20.0,1422.0,-37.129999999999995,1248.0
181,20.0,1324.0,-27.32999999999999,1248.0
182,20.0,1319.0,-26.829999999999988,1248.0
183,20.0,1363.0,-31.229999999999986,1248.0
184,20.0,1342.0,-29.129999999999992,1248.0
185,20.0,1326.0,-27.529999999999987,1248.0
186,20.0,1352.0,-30.12999999999999,1248.0
187,20.0,1404.0,-35.32999999999999,1248.0
188,20.0,1313.0,-26.229999999999986,1248.0
189,21.0,1324.0,-27.329999999999995,1248.0
190,21.0,1288.0,-23.72999999999999,1248.0
191,21.0,1331.0,-28.029999999999994,1248.0
192,21.0,1403.0,-35.22999999999999,1248.0
193,21.0,1302.0,-25.12999999999999,1248.0
194,21.0,1342.0,-29.12999999999998,1248.0
195,21.0,1358.0,-30.72999999999999,1248.0
196,21.0,1343.0,-29.22999999999999,1248.0
197,21.0,1331.0,-28.029999999999994,1248.0
198,22.0,1363.0,-31.22999999999999,1248.0
199,22.0,1283.0,-23.229999999999993,1248.0
200,22.0,1346.0,-29.52999999999999,1248.0
201,22.0,1398.0,-34.73,1248.0
202,22.0,1306.0,-25.52999999999999,1248.0
203,22.0,1373.0,-32.230000000000004,1248.0
204,22.0,1328.0,-27.729999999999993,1248.0
205,22.0,1368.0,-31.72999999999999,1248.0
206,22.0,1293.0,-24.229999999999986,1248.0
207,23.0,1307.0,-25.629999999999992,1248.0
208,23.0,1291.0,-24.029999999999987,1248.0
209,23.0,1316.0,-26.529999999999983,1248.0
210,23.0,1310.0,-25.929999999999993,1248.0
211,23.0,1288.0,-23.72999999999999,1248.0
212,23.0,1283.0,-23.229999999999993,1248.0
213,23.0,1330.0,-27.929999999999993,1248.0
214,23.0,1283.0,-23.229999999999993,1248.0
215,23.0,1326.0,-27.529999999999994,1248.0
216,24.0,1401.0,-35.03,1248.0
217,24.0,1283.0,-23.229999999999997,1248.0
218,24.0,1291.0,-24.030000000000005,1248.0
219,24.0,1378.0,-32.72999999999998,1248.0
220,24.0,1288.0,-23.729999999999986,1248.0
221,24.0,1290.0,-23.929999999999993,1248.0
222,24.0,1390.0,-33.93,1248.0
223,24.0,1292.0,-24.129999999999992,1248.0
224,24.0,1465.0,-41.42999999999999,1248.0
225,25.0,1283.0,-23.22999999999999,1248.0
226,25.0,1287.0,-23.629999999999992,1248.0
227,25.0,1344.0,-29.33,1248.0
228,25.0,1418.0,-36.72999999999999,1248.0
229,25.0,1319.0,-26.829999999999995,1248.0
230,25.0,1283.0,-23.22999999999999,1248.0
231,25.0,1283.0,-23.22999999999999,1248.0
232,25.0,1338.0,-28.729999999999997,1248.0
233,25.0,1324.0,-27.329999999999995,1248.0
234,26.0,1383.0,-33.229999999999976,1248.0
235,26.0,1313.0,-26.22999999999999,1248.0
236,26.0,1283.0,-23.229999999999986,1248.0
237,26.0,1419.0,-36.83,1248.0
238,26.0,1324.0,-27.329999999999995,1248.0
239,26.0,1283.0,-23.229999999999986,1248.0
240,26.0,1283.0,-23.229999999999983,1248.0
241,26.0,1334.0,-28.329999999999984,1248.0
242,26.0,1288.0,-23.729999999999986,1248.0
243,27.0,1324.0,-27.33,1248.0
244,27.0,1368.0,-31.729999999999986,1248.0
245,27.0,1297.0,-24.62999999999999,1248.0
246,27.0,1283.0,-23.229999999999993,1248.0
247,27.0,1334.0,-28.32999999999999,1248.0
248,27.0,1283.0,-23.229999999999997,1248.0
249,27.0,1483.0,-43.22999999999998,1248.0
250,27.0,1288.0,-23.729999999999986,1248.0
251,27.0,1288.0,-23.729999999999986,1248.0
252,28.0,1283.0,-23.230000000000004,1248.0
253,28.0,1283.0,-23.22999999999999,1248.0
254,28.0,1468.0,-41.72999999999999,1248.0
255,28.0,1352.0,-30.13,1248.0
256,28.0,1326.0,-27.529999999999994,1248.0
257,28.0,1401.0,-35.03,1248.0
258,28.0,1283.0,-23.22999999999999,1248.0
259,28.0,1433.0,-38.22999999999999,1248.0
260,28.0,1487.0,-43.629999999999995,1248.0
261,29.0,1375.0,-32.42999999999997,1248.0
262,29.0,1378.0,-32.72999999999999,1248.0
263,29.0,1283.0,-23.229999999999993,1248.0
264,29.0,1335.0,-28.429999999999996,1248.0
265,29.0,1283.0,-23.229999999999993,1248.0
266,29.0,1324.0,-27.330000000000002,1248.0
267,29.0,1283.0,-23.229999999999993,1248.0
268,29.0,1283.0,-23.229999999999997,1248.0
269,29.0,1283.0,-23.22999999999999,1248.0
270,30.0,1248.0,-19.729999999999993,1248.0
271,30.0,1283.0,-23.229999999999986,1248.0
272,30.0,1309.0,-25.82999999999999,1248.0
273,30.0,1283.0,-23.23,1248.0
274,30.0,1283.0,-23.23,1248.0
275,30.0,1364.0,-31.329999999999984,1248.0
276,30.0,1251.0,-20.029999999999998,1248.0
277,30.0,1467.0,-41.63,1248.0
278,30.0,1352.0,-30.129999999999992,1248.0
279,31.0,1298.0,-24.729999999999993,1248.0
280,31.0,1283.0,-23.22999999999999,1248.0
281,31.0,1283.0,-23.22999999999999,1248.0
282,31.0,1351.0,-30.029999999999994,1248.0
283,31.0,1274.0,-22.329999999999984,1248.0
284,31.0,1347.0,-29.629999999999995,1248.0
285,31.0,1292.0,-24.13,1248.0
286,31.0,1516.0,-46.529999999999994,1248.0
287,31.0,1293.0,-24.22999999999999,1248.0
288,32.0,1336.0,-28.529999999999983,1248.0
289,32.0,1272.0,-22.129999999999992,1248.0
290,32.0,1283.0,-23.229999999999993,1248.0
291,32.0,1283.0,-23.229999999999993,1248.0
292,32.0,1283.0,-23.229999999999997,1248.0
293,32.0,1440.0,-38.92999999999999,1248.0
294,32.0,1283.0,-23.229999999999993,1248.0
295,32.0,1406.0,-35.52999999999999,1248.0
296,32.0,1283.0,-23.229999999999986,1248.0
297,33.0,1294.0,-24.32999999999999,1248.0
298,33.0,1288.0,-23.729999999999986,1248.0
299,33.0,1283.0,-23.229999999999993,1248.0
300,33.0,1274.0,-22.329999999999984,1248.0
301,33.0,1418.0,-36.72999999999999,1248.0
302,33.0,1298.0,-24.729999999999983,1248.0
303,33.0,1300.0,-24.929999999999993,1248.0
304,33.0,1283.0,-23.229999999999993,1248.0
305,33.0,1272.0,-22.12999999999999,1248.0
306,34.0,1325.0,-27.429999999999986,1248.0
307,34.0,1283.0,-23.229999999999986,1248.0
308,34.0,1283.0,-23.22999999999999,1248.0
309,34.0,1332.0,-28.12999999999999,1248.0
310,34.0,1401.0,-35.02999999999999,1248.0
311,34.0,1274.0,-22.329999999999988,1248.0
312,34.0,1274.0,-22.329999999999988,1248.0
313,34.0,1283.0,-23.22999999999999,1248.0
314,34.0,1283.0,-23.229999999999993,1248.0
315,35.0,1274.0,-22.329999999999988,1248.0
316,35.0,1358.0,-30.729999999999997,1248.0
317,35.0,1323.0,-27.229999999999997,1248.0
318,35.0,1354.0,-30.329999999999995,1248.0
319,35.0,1283.0,-23.229999999999997,1248.0
320,35.0,1360.0,-30.92999999999999,1248.0
321,35.0,1283.0,-23.229999999999993,1248.0
322,35.0,1440.0,-38.92999999999999,1248.0
323,35.0,1283.0,-23.229999999999993,1248.0
324,36.0,1341.0,-29.029999999999994,1248.0
325,36.0,1283.0,-23.229999999999993,1248.0
326,36.0,1283.0,-23.229999999999993,1248.0
327,36.0,1283.0,-23.229999999999993,1248.0
328,36.0,1283.0,-23.229999999999993,1248.0
329,36.0,1283.0,-23.229999999999993,1248.0
330,36.0,1308.0,-25.729999999999993,1248.0
331,36.0,1336.0,-28.529999999999994,1248.0
332,36.0,1283.0,-23.22999999999999,1248.0
333,37.0,1321.0,-27.02999999999999,1248.0
334,37.0,1331.0,-28.02999999999999,1248.0
335,37.0,1337.0,-28.629999999999995,1248.0
336,37.0,1341.0,-29.02999999999999,1248.0
337,37.0,1437.0,-38.62999999999998,1248.0
338,37.0,1335.0,-28.43,1248.0
339,37.0,1283.0,-23.229999999999983,1248.0
340,37.0,1414.0,-36.329999999999984,1248.0
341,37.0,1405.0,-35.42999999999999,1248.0
342,38.0,1283.0,-23.229999999999997,1248.0
343,38.0,1341.0,-29.029999999999994,1248.0
344,38.0,1306.0,-25.52999999999999,1248.0
345,38.0,1283.0,-23.22999999999999,1248.0
346,38.0,1306.0,-25.529999999999994,1248.0
347,38.0,1352.0,-30.129999999999992,1248.0
348,38.0,1435.0,-38.43000000000001,1248.0
349,38.0,1294.0,-24.32999999999999,1248.0
350,38.0,1254.0,-20.329999999999988,1248.0
351,39.0,1283.0,-23.229999999999997,1248.0
352,39.0,1288.0,-23.729999999999997,1248.0
353,39.0,1412.0,-36.129999999999995,1248.0
354,39.0,1329.0,-27.82999999999999,1248.0
355,39.0,1283.0,-23.229999999999993,1248.0
356,39.0,1396.0,-34.529999999999994,1248.0
357,39.0,1283.0,-23.22999999999999,1248.0
358,39.0,1272.0,-22.12999999999999,1248.0
359,39.0,1454.0,-40.33,1248.0
360,40.0,1306.0,-25.529999999999994,1248.0
361,40.0,1340.0,-28.929999999999982,1248.0
362,40.0,1283.0,-23.229999999999986,1248.0
363,40.0,1283.0,-23.229999999999993,1248.0
364,40.0,1301.0,-25.02999999999999,1248.0
365,40.0,1345.0,-29.42999999999999,1248.0
366,40.0,1301.0,-25.029999999999983,1248.0
367,40.0,1283.0,-23.229999999999983,1248.0
368,40.0,1496.0,-44.53,1248.0
369,41.0,1317.0,-26.629999999999992,1248.0
370,41.0,1403.0,-35.22999999999998,1248.0
371,41.0,1283.0,-23.229999999999993,1248.0
372,41.0,1283.0,-23.229999999999986,1248.0
373,41.0,1301.0,-25.029999999999983,1248.0
374,41.0,1274.0,-22.329999999999988,1248.0
375,41.0,1283.0,-23.229999999999993,1248.0
376,41.0,1317.0,-26.629999999999992,1248.0
377,41.0,1387.0,-33.62999999999999,1248.0
378,42.0,1306.0,-25.529999999999987,1248.0
379,42.0,1383.0,-33.23,1248.0
380,42.0,1283.0,-23.229999999999986,1248.0
381,42.0,1301.0,-25.029999999999987,1248.0
382,42.0,1329.0,-27.83,1248.0
383,42.0,1292.0,-24.12999999999999,1248.0
384,42.0,1391.0,-34.02999999999999,1248.0
385,42.0,1283.0,-23.229999999999993,1248.0
386,42.0,1299.0,-24.830000000000002,1248.0
387,43.0,1291.0,-24.029999999999987,1248.0
388,43.0,1347.0,-29.62999999999999,1248.0
389,43.0,1283.0,-23.229999999999993,1248.0
390,43.0,1362.0,-31.129999999999995,1248.0
391,43.0,1305.0,-25.429999999999993,1248.0
392,43.0,1255.0,-20.429999999999996,1248.0
393,43.0,1283.0,-23.229999999999993,1248.0
394,43.0,1283.0,-23.229999999999993,1248.0
395,43.0,1260.0,-20.929999999999993,1248.0
396,44.0,1283.0,-23.22999999999999,1248.0
397,44.0,1309.0,-25.830000000000002,1248.0
398,44.0,1401.0,-35.02999999999999,1248.0
399,44.0,1374.0,-32.33,1248.0
400,44.0,1289.0,-23.829999999999988,1248.0
401,44.0,1337.0,-28.629999999999992,1248.0
402,44.0,1443.0,-39.23,1248.0
403,44.0,1334.0,-28.329999999999984,1248.0
404,44.0,1296.0,-24.529999999999987,1248.0
405,45.0,1283.0,-23.229999999999986,1248.0
406,45.0,1283.0,-23.229999999999993,1248.0
407,45.0,1401.0,-35.029999999999994,1248.0
408,45.0,1360.0,-30.929999999999996,1248.0
409,45.0,1486.0,-43.52999999999999,1248.0
410,45.0,1283.0,-23.229999999999993,1248.0
411,45.0,1283.0,-23.229999999999986,1248.0
412,45.0,1422.0,-37.129999999999995,1248.0
413,45.0,1385.0,-33.429999999999986,1248.0
414,46.0,1408.0,-35.73,1248.0
415,46.0,1321.0,-27.029999999999987,1248.0
416,46.0,1304.0,-25.329999999999995,1248.0
417,46.0,1283.0,-23.229999999999993,1248.0
418,46.0,1283.0,-23.22999999999999,1248.0
419,46.0,1416.0,-36.52999999999999,1248.0
420,46.0,1255.0,-20.429999999999996,1248.0
421,46.0,1268.0,-21.729999999999993,1248.0
422,46.0,1358.0,-30.729999999999993,1248.0
423,47.0,1360.0,-30.930000000000003,1248.0
424,47.0,1249.0,-19.82999999999999,1248.0
425,47.0,1300.0,-24.929999999999993,1248.0
426,47.0,1378.0,-32.72999999999998,1248.0
427,47.0,1283.0,-23.22999999999999,1248.0
428,47.0,1283.0,-23.229999999999993,1248.0
429,47.0,1249.0,-19.829999999999995,1248.0
430,47.0,1283.0,-23.22999999999999,1248.0
431,47.0,1344.0,-29.329999999999988,1248.0
432,48.0,1283.0,-23.229999999999993,1248.0
433,48.0,1264.0,-21.329999999999988,1248.0
434,48.0,1340.0,-28.929999999999993,1248.0
435,48.0,1347.0,-29.629999999999992,1248.0
436,48.0,1283.0,-23.229999999999993,1248.0
437,48.0,1255.0,-20.429999999999996,1248.0
438,48.0,1283.0,-23.229999999999986,1248.0
439,48.0,1310.0,-25.92999999999999,1248.0
440,48.0,1459.0,-40.83,1248.0
441,49.0,1402.0,-35.12999999999999,1248.0
442,49.0,1366.0,-31.52999999999999,1248.0
443,49.0,1255.0,-20.429999999999993,1248.0
444,49.0,1514.0,-46.329999999999984,1248.0
445,49.0,1341.0,-29.029999999999987,1248.0
446,49.0,1399.0,-34.82999999999999,1248.0
447,49.0,1273.0,-22.22999999999999,1248.0
448,49.0,1329.0,-27.829999999999995,1248.0
449,49.0,1275.0,-22.429999999999986,1248.0
450,50.0,1356.0,-30.529999999999987,1248.0
451,50.0,1357.0,-30.629999999999985,1248.0
452,50.0,1582.0,-53.129999999999995,1248.0
453,50.0,1255.0,-20.429999999999993,1248.0
454,50.0,1347.0,-29.629999999999995,1248.0
455,50.0,1447.0,-39.629999999999995,1248.0
456,50.0,1254.0,-20.329999999999995,1248.0
457,50.0,1274.0,-22.329999999999988,1248.0
458,50.0,1279.0,-22.829999999999988,1248.0
459,51.0,1285.0,-23.429999999999993,1248.0
460,51.0,1327.0,-27.629999999999992,1248.0
461,51.0,1298.0,-24.729999999999986,1248.0
462,51.0,1503.0,-45.22999999999998,1248.0
463,51.0,1274.0,-22.329999999999995,1248.0
464,51.0,1274.0,-22.329999999999995,1248.0
465,51.0,1302.0,-25.129999999999992,1248.0
466,51.0,1299.0,-24.829999999999995,1248.0
467,51.0,1283.0,-23.229999999999993,1248.0
468,52.0,1467.0,-41.629999999999995,1248.0
469,52.0,1255.0,-20.429999999999996,1248.0
470,52.0,1255.0,-20.42999999999999,1248.0
471,52.0,1254.0,-20.329999999999995,1248.0
472,52.0,1422.0,-37.129999999999995,1248.0
473,52.0,1296.0,-24.529999999999998,1248.0
474,52.0,1255.0,-20.429999999999993,1248.0
475,52.0,1255.0,-20.429999999999993,1248.0
476,52.0,1283.0,-23.22999999999999,1248.0
477,53.0,1255.0,-20.429999999999993,1248.0
478,53.0,1466.0,-41.53,1248.0
479,53.0,1255.0,-20.429999999999996,1248.0
480,53.0,1254.0,-20.329999999999995,1248.0
481,53.0,1255.0,-20.429999999999993,1248.0
482,53.0,1255.0,-20.429999999999996,1248.0
483,53.0,1255.0,-20.429999999999996,1248.0
484,53.0,1301.0,-25.029999999999987,1248.0
485,53.0,1306.0,-25.529999999999983,1248.0
486,54.0,1328.0,-27.729999999999997,1248.0
487,54.0,1255.0,-20.429999999999996,1248.0
488,54.0,1255.0,-20.43,1248.0
489,54.0,1254.0,-20.33,1248.0
490,54.0,1458.0,-40.72999999999999,1248.0
491,54.0,1381.0,-33.02999999999999,1248.0
492,54.0,1275.0,-22.429999999999996,1248.0
493,54.0,1601.0,-55.02999999999999,1248.0
494,54.0,1302.0,-25.129999999999995,1248.0
495,55.0,1255.0,-20.429999999999993,1248.0
496,55.0,1254.0,-20.32999999999999,1248.0
497,55.0,1324.0,-27.32999999999998,1248.0
498,55.0,1283.0,-23.229999999999986,1248.0
499,55.0,1328.0,-27.729999999999997,1248.0
500,55.0,1329.0,-27.829999999999995,1248.0
501,55.0,1254.0,-20.32999999999999,1248.0
502,55.0,1358.0,-30.729999999999993,1248.0
503,55.0,1283.0,-23.229999999999993,1248.0
504,56.0,1255.0,-20.429999999999996,1248.0
505,56.0,1254.0,-20.329999999999995,1248.0
506,56.0,1255.0,-20.429999999999993,1248.0
507,56.0,1316.0,-26.529999999999994,1248.0
508,56.0,1343.0,-29.229999999999993,1248.0
509,56.0,1365.0,-31.43,1248.0
510,56.0,1254.0,-20.329999999999995,1248.0
511,56.0,1255.0,-20.429999999999996,1248.0
512,56.0,1254.0,-20.329999999999995,1248.0
513,57.0,1255.0,-20.429999999999993,1248.0
514,57.0,1248.0,-19.729999999999997,1248.0
515,57.0,1255.0,-20.429999999999993,1248.0
516,57.0,1255.0,-20.429999999999993,1248.0
517,57.0,1255.0,-20.429999999999993,1248.0
518,57.0,1255.0,-20.429999999999993,1248.0
519,57.0,1255.0,-20.429999999999993,1248.0
520,57.0,1254.0,-20.329999999999995,1248.0
521,57.0,1254.0,-20.32999999999999,1248.0
522,58.0,1248.0,-19.72999999999999,1248.0
523,58.0,1359.0,-30.829999999999988,1248.0
524,58.0,1255.0,-20.429999999999993,1248.0
525,58.0,1254.0,-20.329999999999995,1248.0
526,58.0,1255.0,-20.429999999999993,1248.0
527,58.0,1286.0,-23.529999999999987,1248.0
528,58.0,1255.0,-20.429999999999996,1248.0
529,58.0,1255.0,-20.429999999999993,1248.0
530,58.0,1322.0,-27.129999999999995,1248.0
531,59.0,1255.0,-20.429999999999996,1248.0
532,59.0,1352.0,-30.12999999999999,1248.0
533,59.0,1273.0,-22.229999999999986,1248.0
534,59.0,1255.0,-20.429999999999996,1248.0
535,59.0,1304.0,-25.32999999999999,1248.0
536,59.0,1274.0,-22.329999999999995,1248.0
537,59.0,1255.0,-20.429999999999996,1248.0
538,59.0,1254.0,-20.329999999999995,1248.0
539,59.0,1357.0,-30.630000000000003,1248.0
540,60.0,1254.0,-20.329999999999995,1248.0
541,60.0,1337.0,-28.629999999999992,1248.0
542,60.0,1255.0,-20.429999999999996,1248.0
543,60.0,1254.0,-20.32999999999999,1248.0
544,60.0,1255.0,-20.429999999999996,1248.0
545,60.0,1254.0,-20.329999999999995,1248.0
546,60.0,1361.0,-31.029999999999983,1248.0
547,60.0,1403.0,-35.22999999999999,1248.0
548,60.0,1255.0,-20.429999999999996,1248.0
549,61.0,1459.0,-40.82999999999999,1248.0
550,61.0,1255.0,-20.429999999999993,1248.0
551,61.0,1346.0,-29.529999999999998,1248.0
552,61.0,1297.0,-24.630000000000003,1248.0
553,61.0,1293.0,-24.229999999999983,1248.0
554,61.0,1360.0,-30.92999999999999,1248.0
555,61.0,1480.0,-42.92999999999999,1248.0
556,61.0,1446.0,-39.52999999999999,1248.0
557,61.0,1347.0,-29.63000000000001,1248.0
558,62.0,1254.0,-20.329999999999988,1248.0
559,62.0,1255.0,-20.429999999999996,1248.0
560,62.0,1326.0,-27.52999999999999,1248.0
561,62.0,1393.0,-34.22999999999998,1248.0
562,62.0,1255.0,-20.429999999999996,1248.0
563,62.0,1255.0,-20.429999999999996,1248.0
564,62.0,1303.0,-25.229999999999993,1248.0
565,62.0,1316.0,-26.529999999999998,1248.0
566,62.0,1425.0,-37.43000000000001,1248.0
567,63.0,1424.0,-37.330000000000005,1248.0
568,63.0,1255.0,-20.429999999999996,1248.0
569,63.0,1405.0,-35.429999999999986,1248.0
570,63.0,1255.0,-20.429999999999996,1248.0
571,63.0,1361.0,-31.02999999999999,1248.0
572,63.0,1411.0,-36.02999999999999,1248.0
573,63.0,1328.0,-27.72999999999999,1248.0
574,63.0,1255.0,-20.43,1248.0
575,63.0,1306.0,-25.529999999999983,1248.0
576,64.0,1271.0,-22.029999999999987,1248.0
577,64.0,1255.0,-20.429999999999996,1248.0
578,64.0,1310.0,-25.929999999999993,1248.0
579,64.0,1255.0,-20.429999999999996,1248.0
580,64.0,1327.0,-27.63,1248.0
581,64.0,1429.0,-37.82999999999999,1248.0
582,64.0,1319.0,-26.829999999999988,1248.0
583,64.0,1435.0,-38.42999999999999,1248.0
584,64.0,1255.0,-20.429999999999996,1248.0
585,65.0,1395.0,-34.42999999999999,1248.0
586,65.0,1273.0,-22.229999999999986,1248.0
587,65.0,1391.0,-34.03,1248.0
588,65.0,1255.0,-20.429999999999993,1248.0
589,65.0,1255.0,-20.429999999999993,1248.0
590,65.0,1565.0,-51.43,1248.0
591,65.0,1283.0,-23.229999999999993,1248.0
592,65.0,1255.0,-20.429999999999993,1248.0
593,65.0,1255.0,-20.429999999999993,1248.0
594,66.0,1255.0,-20.429999999999993,1248.0
595,66.0,1374.0,-32.329999999999984,1248.0
596,66.0,1411.0,-36.03,1248.0
597,66.0,1544.0,-49.32999999999999,1248.0
598,66.0,1275.0,-22.42999999999999,1248.0
599,66.0,1255.0,-20.429999999999993,1248.0
600,66.0,1255.0,-20.429999999999996,1248.0
601,66.0,1470.0,-41.92999999999999,1248.0
602,66.0,1297.0,-24.629999999999992,1248.0
603,67.0,1563.0,-51.22999999999998,1248.0
604,67.0,1284.0,-23.329999999999995,1248.0
605,67.0,1457.0,-40.629999999999995,1248.0
606,67.0,1305.0,-25.429999999999986,1248.0
607,67.0,1255.0,-20.43,1248.0
608,67.0,1404.0,-35.32999999999998,1248.0
609,67.0,1364.0,-31.329999999999988,1248.0
610,67.0,1349.0,-29.829999999999988,1248.0
611,67.0,1417.0,-36.629999999999995,1248.0
612,68.0,1297.0,-24.63,1248.0
613,68.0,1432.0,-38.12999999999999,1248.0
614,68.0,1255.0,-20.43,1248.0
615,68.0,1387.0,-33.62999999999998,1248.0
616,68.0,1363.0,-31.229999999999997,1248.0
617,68.0,1255.0,-20.429999999999996,1248.0
618,68.0,1402.0,-35.12999999999999,1248.0
619,68.0,1448.0,-39.72999999999999,1248.0
620,68.0,1255.0,-20.43,1248.0
621,69.0,1352.0,-30.12999999999999,1248.0
622,69.0,1255.0,-20.43,1248.0
623,69.0,1265.0,-21.429999999999993,1248.0
624,69.0,1254.0,-20.33,1248.0
625,69.0,1403.0,-35.23,1248.0
626,69.0,1337.0,-28.629999999999992,1248.0
627,69.0,1463.0,-41.22999999999999,1248.0
628,69.0,1248.0,-19.729999999999997,1248.0
629,69.0,1337.0,-28.629999999999992,1248.0
630,70.0,1346.0,-29.529999999999994,1248.0
631,70.0,1255.0,-20.429999999999993,1248.0
632,70.0,1322.0,-27.12999999999999,1248.0
633,70.0,1248.0,-19.729999999999997,1248.0
634,70.0,1310.0,-25.929999999999996,1248.0
635,70.0,1255.0,-20.43,1248.0
636,70.0,1255.0,-20.43,1248.0
637,70.0,1255.0,-20.429999999999996,1248.0
638,70.0,1496.0,-44.52999999999999,1248.0
639,71.0,1255.0,-20.429999999999996,1248.0
640,71.0,1255.0,-20.429999999999996,1248.0
641,71.0,1311.0,-26.029999999999994,1248.0
642,71.0,1461.0,-41.02999999999999,1248.0
643,71.0,1255.0,-20.43,1248.0
644,71.0,1418.0,-36.730000000000004,1248.0
645,71.0,1321.0,-27.029999999999994,1248.0
646,71.0,1370.0,-31.929999999999986,1248.0
647,71.0,1255.0,-20.43,1248.0
648,72.0,1368.0,-31.73,1248.0
649,72.0,1439.0,-38.82999999999999,1248.0
650,72.0,1320.0,-26.92999999999999,1248.0
651,72.0,1255.0,-20.429999999999996,1248.0
652,72.0,1255.0,-20.429999999999993,1248.0
653,72.0,1340.0,-28.929999999999986,1248.0
654,72.0,1379.0,-32.83,1248.0
655,72.0,1376.0,-32.53,1248.0
656,72.0,1371.0,-32.02999999999998,1248.0
657,73.0,1255.0,-20.43,1248.0
658,73.0,1357.0,-30.629999999999992,1248.0
659,73.0,1255.0,-20.429999999999996,1248.0
660,73.0,1360.0,-30.929999999999986,1248.0
661,73.0,1255.0,-20.429999999999993,1248.0
662,73.0,1448.0,-39.730000000000004,1248.0
663,73.0,1255.0,-20.429999999999996,1248.0
664,73.0,1389.0,-33.829999999999984,1248.0
665,73.0,1254.0,-20.32999999999999,1248.0
666,74.0,1255.0,-20.429999999999996,1248.0
667,74.0,1283.0,-23.229999999999993,1248.0
668,74.0,1388.0,-33.730000000000004,1248.0
669,74.0,1298.0,-24.72999999999999,1248.0
670,74.0,1263.0,-21.229999999999986,1248.0
671,74.0,1522.0,-47.12999999999999,1248.0
672,74.0,1248.0,-19.729999999999993,1248.0
673,74.0,1255.0,-20.429999999999993,1248.0
674,74.0,1248.0,-19.729999999999986,1248.0
675,75.0,1325.0,-27.43,1248.0
676,75.0,1273.0,-22.229999999999983,1248.0
677,75.0,1293.0,-24.229999999999997,1248.0
678,75.0,1255.0,-20.429999999999996,1248.0
679,75.0,1338.0,-28.72999999999999,1248.0
680,75.0,1345.0,-29.429999999999993,1248.0
681,75.0,1255.0,-20.429999999999996,1248.0
682,75.0,1255.0,-20.429999999999996,1248.0
683,75.0,1393.0,-34.22999999999999,1248.0
684,76.0,1248.0,-19.729999999999993,1248.0
685,76.0,1329.0,-27.829999999999995,1248.0
686,76.0,1432.0,-38.129999999999995,1248.0
687,76.0,1295.0,-24.43,1248.0
688,76.0,1362.0,-31.129999999999995,1248.0
689,76.0,1283.0,-23.229999999999983,1248.0
690,76.0,1411.0,-36.02999999999999,1248.0
691,76.0,1404.0,-35.33,1248.0
692,76.0,1274.0,-22.329999999999995,1248.0
693,77.0,1299.0,-24.82999999999999,1248.0
694,77.0,1299.0,-24.82999999999999,1248.0
695,77.0,1255.0,-20.429999999999996,1248.0
696,77.0,1360.0,-30.930000000000003,1248.0
697,77.0,1350.0,-29.92999999999999,1248.0
698,77.0,1255.0,-20.429999999999993,1248.0
699,77.0,1266.0,-21.529999999999994,1248.0
700,77.0,1255.0,-20.429999999999996,1248.0
701,77.0,1337.0,-28.629999999999992,1248.0
702,78.0,1421.0,-37.02999999999999,1248.0
703,78.0,1254.0,-20.329999999999995,1248.0
704,78.0,1471.0,-42.029999999999994,1248.0
705,78.0,1283.0,-23.229999999999986,1248.0
706,78.0,1248.0,-19.729999999999993,1248.0
707,78.0,1321.0,-27.029999999999994,1248.0
708,78.0,1255.0,-20.429999999999996,1248.0
709,78.0,1403.0,-35.22999999999998,1248.0
710,78.0,1302.0,-25.129999999999995,1248.0
711,79.0,1402.0,-35.129999999999995,1248.0
712,79.0,1394.0,-34.329999999999984,1248.0
713,79.0,1287.0,-23.629999999999992,1248.0
714,79.0,1362.0,-31.12999999999998,1248.0
715,79.0,1252.0,-20.129999999999995,1248.0
716,79.0,1345.0,-29.42999999999999,1248.0
717,79.0,1339.0,-28.829999999999988,1248.0
718,79.0,1430.0,-37.92999999999999,1248.0
719,79.0,1286.0,-23.529999999999994,1248.0
720,80.0,1360.0,-30.929999999999993,1248.0
721,80.0,1273.0,-22.229999999999986,1248.0
722,80.0,1283.0,-23.22999999999999,1248.0
723,80.0,1326.0,-27.53,1248.0
724,80.0,1287.0,-23.62999999999999,1248.0
725,80.0,1356.0,-30.529999999999998,1248.0
726,80.0,1296.0,-24.529999999999994,1248.0
727,80.0,1254.0,-20.329999999999988,1248.0
728,80.0,1338.0,-28.729999999999993,1248.0
729,81.0,1309.0,-25.829999999999995,1248.0
730,81.0,1273.0,-22.229999999999997,1248.0
731,81.0,1273.0,-22.229999999999993,1248.0
732,81.0,1316.0,-26.529999999999987,1248.0
733,81.0,1286.0,-23.529999999999998,1248.0
734,81.0,1329.0,-27.83,1248.0
735,81.0,1248.0,-19.73,1248.0
736,81.0,1288.0,-23.729999999999993,1248.0
737,81.0,1337.0,-28.629999999999992,1248.0
738,82.0,1299.0,-24.829999999999995,1248.0
739,82.0,1257.0,-20.629999999999995,1248.0
740,82.0,1286.0,-23.529999999999994,1248.0
741,82.0,1316.0,-26.529999999999987,1248.0
742,82.0,1257.0,-20.629999999999992,1248.0
743,82.0,1313.0,-26.229999999999993,1248.0
744,82.0,1288.0,-23.729999999999993,1248.0
745,82.0,1399.0,-34.83,1248.0
746,82.0,1257.0,-20.629999999999992,1248.0
747,83.0,1342.0,-29.129999999999992,1248.0
748,83.0,1324.0,-27.329999999999984,1248.0
749,83.0,1283.0,-23.22999999999999,1248.0
750,83.0,1257.0,-20.629999999999992,1248.0
751,83.0,1311.0,-26.03,1248.0
752,83.0,1257.0,-20.629999999999992,1248.0
753,83.0,1375.0,-32.43,1248.0
754,83.0,1343.0,-29.229999999999993,1248.0
755,83.0,1272.0,-22.13,1248.0
756,84.0,1316.0,-26.529999999999998,1248.0
757,84.0,1295.0,-24.430000000000003,1248.0
758,84.0,1252.0,-20.129999999999995,1248.0
759,84.0,1295.0,-24.430000000000003,1248.0
760,84.0,1351.0,-30.029999999999998,1248.0
761,84.0,1362.0,-31.129999999999985,1248.0
762,84.0,1369.0,-31.82999999999999,1248.0
763,84.0,1283.0,-23.229999999999997,1248.0
764,84.0,1273.0,-22.229999999999997,1248.0
765,85.0,1284.0,-23.329999999999995,1248.0
766,85.0,1273.0,-22.229999999999997,1248.0
767,85.0,1287.0,-23.629999999999992,1248.0
768,85.0,1302.0,-25.130000000000003,1248.0
769,85.0,1286.0,-23.52999999999999,1248.0
770,85.0,1257.0,-20.629999999999992,1248.0
771,85.0,1392.0,-34.129999999999995,1248.0
772,85.0,1283.0,-23.229999999999993,1248.0
773,85.0,1286.0,-23.529999999999987,1248.0
774,86.0,1252.0,-20.129999999999995,1248.0
775,86.0,1252.0,-20.129999999999995,1248.0
776,86.0,1284.0,-23.33,1248.0
777,86.0,1252.0,-20.129999999999995,1248.0
778,86.0,1385.0,-33.429999999999986,1248.0
779,86.0,1426.0,-37.529999999999994,1248.0
780,86.0,1287.0,-23.629999999999992,1248.0
781,86.0,1327.0,-27.629999999999985,1248.0
782,86.0,1274.0,-22.329999999999995,1248.0
783,87.0,1322.0,-27.13,1248.0
784,87.0,1252.0,-20.129999999999995,1248.0
785,87.0,1252.0,-20.129999999999995,1248.0
786,87.0,1273.0,-22.229999999999997,1248.0
787,87.0,1257.0,-20.629999999999992,1248.0
788,87.0,1372.0,-32.12999999999999,1248.0
789,87.0,1252.0,-20.129999999999995,1248.0
790,87.0,1346.0,-29.530000000000005,1248.0
791,87.0,1384.0,-33.330000000000005,1248.0
792,88.0,1299.0,-24.82999999999999,1248.0
793,88.0,1363.0,-31.229999999999993,1248.0
794,88.0,1273.0,-22.229999999999997,1248.0
795,88.0,1351.0,-30.02999999999999,1248.0
796,88.0,1252.0,-20.129999999999992,1248.0
797,88.0,1358.0,-30.729999999999993,1248.0
798,88.0,1252.0,-20.129999999999995,1248.0
799,88.0,1326.0,-27.53,1248.0
800,88.0,1347.0,-29.62999999999999,1248.0
801,89.0,1372.0,-32.129999999999995,1248.0
802,89.0,1359.0,-30.829999999999995,1248.0
803,89.0,1316.0,-26.52999999999999,1248.0
804,89.0,1325.0,-27.429999999999996,1248.0
805,89.0,1252.0,-20.129999999999992,1248.0
806,89.0,1252.0,-20.129999999999995,1248.0
807,89.0,1252.0,-20.129999999999995,1248.0
808,89.0,1252.0,-20.129999999999995,1248.0
809,89.0,1252.0,-20.129999999999995,1248.0
810,90.0,1252.0,-20.129999999999995,1248.0
811,90.0,1252.0,-20.129999999999992,1248.0
812,90.0,1473.0,-42.22999999999999,1248.0
813,90.0,1286.0,-23.52999999999999,1248.0
814,90.0,1252.0,-20.129999999999995,1248.0
815,90.0,1317.0,-26.63,1248.0
816,90.0,1252.0,-20.129999999999995,1248.0
817,90.0,1269.0,-21.82999999999999,1248.0
818,90.0,1311.0,-26.02999999999999,1248.0
819,91.0,1252.0,-20.129999999999995,1248.0
820,91.0,1334.0,-28.329999999999984,1248.0
821,91.0,1302.0,-25.129999999999995,1248.0
822,91.0,1334.0,-28.329999999999995,1248.0
823,91.0,1334.0,-28.329999999999984,1248.0
824,91.0,1252.0,-20.129999999999995,1248.0
825,91.0,1252.0,-20.129999999999992,1248.0
826,91.0,1330.0,-27.930000000000003,1248.0
827,91.0,1275.0,-22.429999999999986,1248.0
828,92.0,1295.0,-24.430000000000003,1248.0
829,92.0,1342.0,-29.129999999999992,1248.0
830,92.0,1252.0,-20.129999999999995,1248.0
831,92.0,1252.0,-20.129999999999992,1248.0
832,92.0,1505.0,-45.43,1248.0
833,92.0,1252.0,-20.129999999999995,1248.0
834,92.0,1273.0,-22.229999999999997,1248.0
835,92.0,1305.0,-25.42999999999999,1248.0
836,92.0,1314.0,-26.329999999999995,1248.0
837,93.0,1345.0,-29.429999999999982,1248.0
838,93.0,1297.0,-24.629999999999995,1248.0
839,93.0,1252.0,-20.129999999999995,1248.0
840,93.0,1341.0,-29.02999999999999,1248.0
841,93.0,1297.0,-24.62999999999999,1248.0
842,93.0,1248.0,-19.729999999999997,1248.0
843,93.0,1273.0,-22.22999999999999,1248.0
844,93.0,1294.0,-24.329999999999988,1248.0
845,93.0,1341.0,-29.029999999999994,1248.0
846,94.0,1248.0,-19.729999999999997,1248.0
847,94.0,1455.0,-40.429999999999986,1248.0
848,94.0,1505.0,-45.43,1248.0
849,94.0,1255.0,-20.429999999999993,1248.0
850,94.0,1252.0,-20.129999999999995,1248.0
851,94.0,1255.0,-20.429999999999996,1248.0
852,94.0,1248.0,-19.729999999999997,1248.0
853,94.0,1252.0,-20.129999999999995,1248.0
854,94.0,1252.0,-20.129999999999995,1248.0
855,95.0,1403.0,-35.22999999999999,1248.0
856,95.0,1342.0,-29.129999999999992,1248.0
857,95.0,1283.0,-23.229999999999993,1248.0
858,95.0,1248.0,-19.729999999999993,1248.0
859,95.0,1248.0,-19.729999999999997,1248.0
860,95.0,1294.0,-24.329999999999988,1248.0
861,95.0,1412.0,-36.12999999999999,1248.0
862,95.0,1310.0,-25.92999999999999,1248.0
863,95.0,1306.0,-25.529999999999994,1248.0
864,96.0,1248.0,-19.729999999999993,1248.0
865,96.0,1371.0,-32.02999999999999,1248.0
866,96.0,1478.0,-42.72999999999999,1248.0
867,96.0,1248.0,-19.729999999999997,1248.0
868,96.0,1377.0,-32.62999999999999,1248.0
869,96.0,1462.0,-41.129999999999995,1248.0
870,96.0,1248.0,-19.729999999999993,1248.0
871,96.0,1248.0,-19.729999999999993,1248.0
872,96.0,1471.0,-42.02999999999999,1248.0
873,97.0,1311.0,-26.029999999999994,1248.0
874,97.0,1252.0,-20.129999999999992,1248.0
875,97.0,1311.0,-26.029999999999994,1248.0
876,97.0,1283.0,-23.229999999999993,1248.0
877,97.0,1248.0,-19.729999999999993,1248.0
878,97.0,1286.0,-23.529999999999994,1248.0
879,97.0,1248.0,-19.729999999999993,1248.0
880,97.0,1248.0,-19.729999999999993,1248.0
881,97.0,1248.0,-19.729999999999997,1248.0
882,98.0,1273.0,-22.22999999999999,1248.0
883,98.0,1311.0,-26.029999999999994,1248.0
884,98.0,1286.0,-23.529999999999994,1248.0
885,98.0,1248.0,-19.729999999999997,1248.0
886,98.0,1288.0,-23.729999999999986,1248.0
887,98.0,1248.0,-19.729999999999993,1248.0
888,98.0,1403.0,-35.22999999999999,1248.0
889,98.0,1477.0,-42.629999999999995,1248.0
890,98.0,1248.0,-19.729999999999993,1248.0
891,99.0,1248.0,-19.73,1248.0
892,99.0,1248.0,-19.729999999999986,1248.0
893,99.0,1248.0,-19.73,1248.0
894,99.0,1248.0,-19.72999999999999,1248.0
895,99.0,1431.0,-38.02999999999999,1248.0
896,99.0,1248.0,-19.729999999999993,1248.0
897,99.0,1248.0,-19.729999999999993,1248.0
898,99.0,1311.0,-26.029999999999994,1248.0
899,99.0,1283.0,-23.229999999999993,1248.0
900,100.0,1248.0,-19.729999999999993,1248.0
901,100.0,1337.0,-28.629999999999992,1248.0
902,100.0,1505.0,-45.42999999999999,1248.0
903,100.0,1513.0,-46.22999999999999,1248.0
904,100.0,1275.0,-22.42999999999999,1248.0
905,100.0,1467.0,-41.62999999999999,1248.0
906,100.0,1505.0,-45.429999999999986,1248.0
907,100.0,1505.0,-45.42999999999999,1248.0
908,100.0,1248.0,-19.729999999999993,1248.0
909,101.0,1382.0,-33.129999999999995,1248.0
910,101.0,1248.0,-19.729999999999997,1248.0
911,101.0,1423.0,-37.22999999999999,1248.0
912,101.0,1248.0,-19.72999999999999,1248.0
913,101.0,1248.0,-19.729999999999993,1248.0
914,101.0,1380.0,-32.92999999999999,1248.0
915,101.0,1248.0,-19.729999999999997,1248.0
916,101.0,1255.0,-20.429999999999996,1248.0
917,101.0,1248.0,-19.729999999999993,1248.0
918,102.0,1248.0,-19.729999999999993,1248.0
919,102.0,1248.0,-19.729999999999993,1248.0
920,102.0,1248.0,-19.72999999999999,1248.0
921,102.0,1299.0,-24.82999999999999,1248.0
922,102.0,1248.0,-19.729999999999997,1248.0
923,102.0,1248.0,-19.729999999999993,1248.0
924,102.0,1311.0,-26.03,1248.0
925,102.0,1310.0,-25.929999999999986,1248.0
926,102.0,1248.0,-19.729999999999993,1248.0
927,103.0,1248.0,-19.729999999999993,1248.0
928,103.0,1310.0,-25.929999999999993,1248.0
929,103.0,1248.0,-19.729999999999993,1248.0
930,103.0,1248.0,-19.729999999999997,1248.0
931,103.0,1311.0,-26.029999999999994,1248.0
932,103.0,1281.0,-23.029999999999994,1248.0
933,103.0,1248.0,-19.729999999999986,1248.0
934,103.0,1248.0,-19.729999999999997,1248.0
935,103.0,1248.0,-19.729999999999993,1248.0
936,104.0,1248.0,-19.729999999999993,1248.0
937,104.0,1362.0,-31.129999999999995,1248.0
938,104.0,1387.0,-33.62999999999999,1248.0
939,104.0,1291.0,-24.029999999999983,1248.0
940,104.0,1248.0,-19.729999999999993,1248.0
941,104.0,1248.0,-19.729999999999993,1248.0
942,104.0,1248.0,-19.729999999999993,1248.0
943,104.0,1275.0,-22.429999999999993,1248.0
944,104.0,1248.0,-19.729999999999993,1248.0
945,105.0,1342.0,-29.129999999999995,1248.0
946,105.0,1248.0,-19.729999999999997,1248.0
947,105.0,1255.0,-20.429999999999996,1248.0
948,105.0,1382.0,-33.12999999999999,1248.0
949,105.0,1253.0,-20.229999999999986,1248.0
950,105.0,1299.0,-24.829999999999984,1248.0
951,105.0,1261.0,-21.029999999999994,1248.0
952,105.0,1262.0,-21.129999999999985,1248.0
953,105.0,1248.0,-19.729999999999993,1248.0
954,106.0,1248.0,-19.729999999999997,1248.0
955,106.0,1248.0,-19.729999999999993,1248.0
956,106.0,1256.0,-20.529999999999998,1248.0
957,106.0,1248.0,-19.729999999999986,1248.0
958,106.0,1452.0,-40.12999999999999,1248.0
959,106.0,1248.0,-19.729999999999997,1248.0
960,106.0,1377.0,-32.62999999999999,1248.0
961,106.0,1248.0,-19.729999999999993,1248.0
962,106.0,1365.0,-31.429999999999993,1248.0
963,107.0,1248.0,-19.729999999999993,1248.0
964,107.0,1306.0,-25.52999999999999,1248.0
965,107.0,1248.0,-19.729999999999993,1248.0
966,107.0,1248.0,-19.729999999999993,1248.0
967,107.0,1293.0,-24.229999999999986,1248.0
968,107.0,1293.0,-24.22999999999999,1248.0
969,107.0,1248.0,-19.729999999999997,1248.0
970,107.0,1248.0,-19.729999999999997,1248.0
971,107.0,1301.0,-25.029999999999987,1248.0
972,108.0,1248.0,-19.729999999999997,1248.0
973,108.0,1248.0,-19.729999999999993,1248.0
974,108.0,1248.0,-19.729999999999993,1248.0
975,108.0,1248.0,-19.729999999999993,1248.0
976,108.0,1265.0,-21.429999999999986,1248.0
977,108.0,1248.0,-19.729999999999986,1248.0
978,108.0,1341.0,-29.02999999999999,1248.0
979,108.0,1293.0,-24.22999999999999,1248.0
980,108.0,1248.0,-19.729999999999986,1248.0
981,109.0,1248.0,-19.729999999999997,1248.0
982,109.0,1248.0,-19.729999999999997,1248.0
983,109.0,1248.0,-19.729999999999993,1248.0
984,109.0,1256.0,-20.52999999999999,1248.0
985,109.0,1248.0,-19.72999999999999,1248.0
986,109.0,1248.0,-19.729999999999986,1248.0
987,109.0,1256.0,-20.529999999999994,1248.0
988,109.0,1248.0,-19.729999999999993,1248.0
989,109.0,1256.0,-20.52999999999999,1248.0
990,110.0,1248.0,-19.729999999999997,1248.0
991,110.0,1248.0,-19.72999999999999,1248.0
992,110.0,1309.0,-25.829999999999995,1248.0
993,110.0,1304.0,-25.32999999999998,1248.0
994,110.0,1360.0,-30.92999999999999,1248.0
995,110.0,1248.0,-19.729999999999997,1248.0
996,110.0,1248.0,-19.729999999999997,1248.0
997,110.0,1248.0,-19.729999999999993,1248.0
998,110.0,1248.0,-19.729999999999997,1248.0
999,111.0,1312.0,-26.129999999999995,1248.0
1000,111.0,1273.0,-22.229999999999986,1248.0
1001,111.0,1323.0,-27.229999999999986,1248.0
1002,111.0,1360.0,-30.929999999999982,1248.0
1003,111.0,1248.0,-19.729999999999997,1248.0
1004,111.0,1248.0,-19.729999999999986,1248.0
1005,111.0,1248.0,-19.72999999999999,1248.0
1006,111.0,1248.0,-19.72999999999999,1248.0
1007,111.0,1370.0,-31.929999999999986,1248.0
1008,112.0,1248.0,-19.729999999999993,1248.0
1009,112.0,1248.0,-19.729999999999986,1248.0
1010,112.0,1248.0,-19.729999999999983,1248.0
1011,112.0,1248.0,-19.729999999999986,1248.0
1012,112.0,1248.0,-19.72999999999999,1248.0
1013,112.0,1283.0,-23.22999999999999,1248.0
1014,112.0,1288.0,-23.729999999999986,1248.0
1015,112.0,1255.0,-20.42999999999999,1248.0
1016,112.0,1283.0,-23.22999999999999,1248.0
1017,113.0,1248.0,-19.72999999999999,1248.0
1018,113.0,1367.0,-31.62999999999999,1248.0
1019,113.0,1248.0,-19.729999999999986,1248.0
1020,113.0,1248.0,-19.72999999999999,1248.0
1021,113.0,1323.0,-27.22999999999999,1248.0
1022,113.0,1248.0,-19.729999999999997,1248.0
1023,113.0,1390.0,-33.929999999999986,1248.0
1024,113.0,1248.0,-19.729999999999993,1248.0
1025,113.0,1248.0,-19.729999999999993,1248.0
1026,114.0,1248.0,-19.729999999999986,1248.0
1027,114.0,1248.0,-19.73,1248.0
1028,114.0,1248.0,-19.729999999999993,1248.0
1029,114.0,1248.0,-19.72999999999999,1248.0
1030,114.0,1248.0,-19.729999999999997,1248.0
1031,114.0,1346.0,-29.529999999999994,1248.0
1032,114.0,1248.0,-19.729999999999997,1248.0
1033,114.0,1248.0,-19.72999999999999,1248.0
1034,114.0,1248.0,-19.729999999999997,1248.0
1035,115.0,1255.0,-20.429999999999993,1248.0
1036,115.0,1252.0,-20.129999999999995,1248.0
1037,115.0,1296.0,-24.529999999999994,1248.0
1038,115.0,1265.0,-21.43,1248.0
1039,115.0,1248.0,-19.729999999999993,1248.0
1040,115.0,1248.0,-19.729999999999997,1248.0
1041,115.0,1248.0,-19.729999999999986,1248.0
1042,115.0,1248.0,-19.729999999999993,1248.0
1043,115.0,1248.0,-19.729999999999997,1248.0
1044,116.0,1248.0,-19.73,1248.0
1045,116.0,1248.0,-19.72999999999999,1248.0
1046,116.0,1248.0,-19.72999999999999,1248.0
1047,116.0,1248.0,-19.729999999999993,1248.0
1048,116.0,1326.0,-27.52999999999999,1248.0
1049,116.0,1356.0,-30.529999999999994,1248.0
1050,116.0,1252.0,-20.129999999999992,1248.0
1051,116.0,1248.0,-19.729999999999997,1248.0
1052,116.0,1265.0,-21.429999999999996,1248.0
1053,117.0,1316.0,-26.529999999999994,1248.0
1054,117.0,1248.0,-19.72999999999999,1248.0
1055,117.0,1248.0,-19.729999999999993,1248.0
1056,117.0,1361.0,-31.030000000000005,1248.0
1057,117.0,1307.0,-25.63,1248.0
1058,117.0,1365.0,-31.429999999999986,1248.0
1059,117.0,1302.0,-25.129999999999995,1248.0
1060,117.0,1255.0,-20.429999999999996,1248.0
1061,117.0,1356.0,-30.529999999999994,1248.0
1062,118.0,1290.0,-23.93,1248.0
1063,118.0,1248.0,-19.729999999999997,1248.0
1064,118.0,1356.0,-30.529999999999994,1248.0
1065,118.0,1248.0,-19.729999999999997,1248.0
1066,118.0,1248.0,-19.729999999999993,1248.0
1067,118.0,1248.0,-19.72999999999999,1248.0
1068,118.0,1302.0,-25.129999999999992,1248.0
1069,118.0,1248.0,-19.729999999999986,1248.0
1070,118.0,1275.0,-22.42999999999999,1248.0
1071,119.0,1271.0,-22.029999999999987,1248.0
1072,119.0,1304.0,-25.32999999999999,1248.0
1073,119.0,1357.0,-30.62999999999999,1248.0
1074,119.0,1443.0,-39.23,1248.0
1075,119.0,1296.0,-24.529999999999987,1248.0
1076,119.0,1348.0,-29.729999999999997,1248.0
1077,119.0,1299.0,-24.829999999999988,1248.0
1078,119.0,1382.0,-33.12999999999999,1248.0
1079,119.0,1317.0,-26.62999999999999,1248.0
1080,120.0,1317.0,-26.62999999999999,1248.0
1081,120.0,1304.0,-25.32999999999999,1248.0
1082,120.0,1248.0,-19.729999999999993,1248.0
1083,120.0,1248.0,-19.72999999999999,1248.0
1084,120.0,1265.0,-21.429999999999986,1248.0
1085,120.0,1248.0,-19.72999999999999,1248.0
1086,120.0,1268.0,-21.729999999999993,1248.0
1087,120.0,1378.0,-32.73,1248.0
1088,120.0,1265.0,-21.429999999999993,1248.0
1089,121.0,1305.0,-25.429999999999982,1248.0
1090,121.0,1255.0,-20.429999999999996,1248.0
1091,121.0,1248.0,-19.729999999999993,1248.0
1092,121.0,1445.0,-39.43,1248.0
1093,121.0,1255.0,-20.429999999999993,1248.0
1094,121.0,1248.0,-19.73,1248.0
1095,121.0,1325.0,-27.42999999999999,1248.0
1096,121.0,1248.0,-19.729999999999986,1248.0
1097,121.0,1255.0,-20.429999999999993,1248.0
1098,122.0,1248.0,-19.72999999999999,1248.0
1099,122.0,1422.0,-37.12999999999998,1248.0
1100,122.0,1255.0,-20.429999999999993,1248.0
1101,122.0,1248.0,-19.729999999999993,1248.0
1102,122.0,1271.0,-22.029999999999994,1248.0
1103,122.0,1290.0,-23.929999999999993,1248.0
1104,122.0,1255.0,-20.429999999999996,1248.0
1105,122.0,1248.0,-19.72999999999999,1248.0
1106,122.0,1452.0,-40.129999999999995,1248.0
1107,123.0,1390.0,-33.929999999999986,1248.0
1108,123.0,1255.0,-20.429999999999993,1248.0
1109,123.0,1248.0,-19.729999999999993,1248.0
1110,123.0,1248.0,-19.72999999999999,1248.0
1111,123.0,1248.0,-19.729999999999993,1248.0
1112,123.0,1248.0,-19.729999999999986,1248.0
1113,123.0,1248.0,-19.72999999999999,1248.0
1114,123.0,1248.0,-19.72999999999999,1248.0
1115,123.0,1297.0,-24.629999999999995,1248.0
1116,124.0,1254.0,-20.329999999999988,1248.0
1117,124.0,1248.0,-19.72999999999999,1248.0
1118,124.0,1248.0,-19.729999999999986,1248.0
1119,124.0,1255.0,-20.429999999999993,1248.0
1120,124.0,1248.0,-19.729999999999986,1248.0
1121,124.0,1341.0,-29.029999999999983,1248.0
1122,124.0,1248.0,-19.729999999999997,1248.0
1123,124.0,1349.0,-29.829999999999988,1248.0
1124,124.0,1441.0,-39.029999999999994,1248.0
1125,125.0,1341.0,-29.029999999999987,1248.0
1126,125.0,1286.0,-23.52999999999999,1248.0
1127,125.0,1255.0,-20.429999999999993,1248.0
1128,125.0,1347.0,-29.629999999999985,1248.0
1129,125.0,1248.0,-19.729999999999986,1248.0
1130,125.0,1360.0,-30.929999999999993,1248.0
1131,125.0,1314.0,-26.329999999999984,1248.0
1132,125.0,1250.0,-19.929999999999993,1248.0
1133,125.0,1248.0,-19.729999999999993,1248.0
1134,126.0,1248.0,-19.729999999999997,1248.0
1135,126.0,1337.0,-28.62999999999999,1248.0
1136,126.0,1332.0,-28.129999999999995,1248.0
1137,126.0,1284.0,-23.329999999999995,1248.0
1138,126.0,1434.0,-38.32999999999999,1248.0
1139,126.0,1311.0,-26.03,1248.0
1140,126.0,1265.0,-21.429999999999986,1248.0
1141,126.0,1317.0,-26.629999999999985,1248.0
1142,126.0,1263.0,-21.22999999999999,1248.0
1143,127.0,1255.0,-20.429999999999993,1248.0
1144,127.0,1248.0,-19.72999999999999,1248.0
1145,127.0,1316.0,-26.529999999999994,1248.0
1146,127.0,1299.0,-24.82999999999999,1248.0
1147,127.0,1265.0,-21.42999999999999,1248.0
1148,127.0,1314.0,-26.32999999999999,1248.0
1149,127.0,1248.0,-19.729999999999993,1248.0
1150,127.0,1271.0,-22.029999999999987,1248.0
1151,127.0,1299.0,-24.82999999999999,1248.0
1152,128.0,1248.0,-19.729999999999993,1248.0
1153,128.0,1436.0,-38.529999999999994,1248.0
1154,128.0,1248.0,-19.729999999999986,1248.0
1155,128.0,1262.0,-21.12999999999999,1248.0
1156,128.0,1248.0,-19.729999999999993,1248.0
1157,128.0,1262.0,-21.12999999999999,1248.0
1158,128.0,1248.0,-19.729999999999997,1248.0
1159,128.0,1254.0,-20.32999999999999,1248.0
1160,128.0,1257.0,-20.629999999999992,1248.0
1161,129.0,1248.0,-19.729999999999997,1248.0
1162,129.0,1248.0,-19.729999999999993,1248.0
1163,129.0,1414.0,-36.33,1248.0
1164,129.0,1265.0,-21.42999999999999,1248.0
1165,129.0,1273.0,-22.229999999999986,1248.0
1166,129.0,1248.0,-19.729999999999997,1248.0
1167,129.0,1248.0,-19.73,1248.0
1168,129.0,1248.0,-19.729999999999986,1248.0
1169,129.0,1273.0,-22.229999999999983,1248.0
1170,130.0,1310.0,-25.929999999999993,1248.0
1171,130.0,1271.0,-22.029999999999994,1248.0
1172,130.0,1360.0,-30.929999999999996,1248.0
1173,130.0,1337.0,-28.62999999999999,1248.0
1174,130.0,1248.0,-19.729999999999993,1248.0
1175,130.0,1304.0,-25.329999999999988,1248.0
1176,130.0,1310.0,-25.929999999999996,1248.0
1177,130.0,1248.0,-19.729999999999993,1248.0
1178,130.0,1299.0,-24.82999999999998,1248.0
1179,131.0,1326.0,-27.52999999999999,1248.0
1180,131.0,1360.0,-30.929999999999986,1248.0
1181,131.0,1271.0,-22.029999999999994,1248.0
1182,131.0,1360.0,-30.929999999999993,1248.0
1183,131.0,1299.0,-24.829999999999995,1248.0
1184,131.0,1248.0,-19.72999999999999,1248.0
1185,131.0,1380.0,-32.929999999999986,1248.0
1186,131.0,1311.0,-26.029999999999994,1248.0
1187,131.0,1304.0,-25.32999999999999,1248.0
1188,132.0,1340.0,-28.929999999999993,1248.0
1189,132.0,1352.0,-30.129999999999995,1248.0
1190,132.0,1341.0,-29.02999999999998,1248.0
1191,132.0,1271.0,-22.029999999999994,1248.0
1192,132.0,1324.0,-27.32999999999999,1248.0
1193,132.0,1275.0,-22.42999999999999,1248.0
1194,132.0,1317.0,-26.63,1248.0
1195,132.0,1337.0,-28.629999999999985,1248.0
1196,132.0,1366.0,-31.53,1248.0
1197,133.0,1341.0,-29.029999999999994,1248.0
1198,133.0,1283.0,-23.229999999999986,1248.0
1199,133.0,1248.0,-19.72999999999999,1248.0
1200,133.0,1265.0,-21.429999999999996,1248.0
1201,133.0,1337.0,-28.629999999999985,1248.0
1202,133.0,1248.0,-19.729999999999993,1248.0
1203,133.0,1248.0,-19.729999999999986,1248.0
1204,133.0,1276.0,-22.529999999999987,1248.0
1205,133.0,1407.0,-35.62999999999999,1248.0
1206,134.0,1248.0,-19.72999999999999,1248.0
1207,134.0,1248.0,-19.72999999999999,1248.0
1208,134.0,1255.0,-20.429999999999993,1248.0
1209,134.0,1248.0,-19.72999999999999,1248.0
1210,134.0,1248.0,-19.729999999999986,1248.0
1211,134.0,1351.0,-30.03,1248.0
1212,134.0,1248.0,-19.729999999999986,1248.0
1213,134.0,1373.0,-32.22999999999999,1248.0
1214,134.0,1248.0,-19.729999999999993,1248.0
1215,135.0,1311.0,-26.029999999999987,1248.0
1216,135.0,1264.0,-21.32999999999999,1248.0
1217,135.0,1248.0,-19.729999999999986,1248.0
1218,135.0,1290.0,-23.929999999999993,1248.0
1219,135.0,1248.0,-19.729999999999993,1248.0
1220,135.0,1309.0,-25.829999999999995,1248.0
1221,135.0,1337.0,-28.629999999999985,1248.0
1222,135.0,1255.0,-20.429999999999996,1248.0
1223,135.0,1248.0,-19.72999999999999,1248.0
1224,136.0,1271.0,-22.029999999999987,1248.0
1225,136.0,1248.0,-19.729999999999986,1248.0
1226,136.0,1248.0,-19.729999999999997,1248.0
1227,136.0,1265.0,-21.429999999999986,1248.0
1228,136.0,1290.0,-23.929999999999993,1248.0
1229,136.0,1254.0,-20.32999999999999,1248.0
1230,136.0,1322.0,-27.129999999999995,1248.0
1231,136.0,1248.0,-19.729999999999993,1248.0
1232,136.0,1334.0,-28.32999999999999,1248.0
1233,137.0,1248.0,-19.72999999999999,1248.0
1234,137.0,1248.0,-19.72999999999999,1248.0
1235,137.0,1338.0,-28.729999999999993,1248.0
1236,137.0,1272.0,-22.13,1248.0
1237,137.0,1259.0,-20.829999999999995,1248.0
1238,137.0,1265.0,-21.429999999999993,1248.0
1239,137.0,1265.0,-21.429999999999996,1248.0
1240,137.0,1248.0,-19.729999999999993,1248.0
1241,137.0,1454.0,-40.33,1248.0
1242,138.0,1308.0,-25.72999999999999,1248.0
1243,138.0,1301.0,-25.029999999999987,1248.0
1244,138.0,1365.0,-31.429999999999993,1248.0
1245,138.0,1438.0,-38.72999999999999,1248.0
1246,138.0,1248.0,-19.729999999999986,1248.0
1247,138.0,1447.0,-39.62999999999999,1248.0
1248,138.0,1286.0,-23.52999999999999,1248.0
1249,138.0,1271.0,-22.029999999999994,1248.0
1250,138.0,1282.0,-23.12999999999999,1248.0
1251,139.0,1271.0,-22.029999999999994,1248.0
1252,139.0,1248.0,-19.729999999999986,1248.0
1253,139.0,1271.0,-22.029999999999983,1248.0
1254,139.0,1271.0,-22.029999999999994,1248.0
1255,139.0,1248.0,-19.72999999999999,1248.0
1256,139.0,1342.0,-29.129999999999985,1248.0
1257,139.0,1330.0,-27.92999999999999,1248.0
1258,139.0,1248.0,-19.729999999999986,1248.0
1259,139.0,1419.0,-36.82999999999999,1248.0
1260,140.0,1286.0,-23.529999999999998,1248.0
1261,140.0,1337.0,-28.629999999999985,1248.0
1262,140.0,1275.0,-22.429999999999986,1248.0
1263,140.0,1297.0,-24.629999999999992,1248.0
1264,140.0,1248.0,-19.729999999999986,1248.0
1265,140.0,1341.0,-29.02999999999999,1248.0
1266,140.0,1306.0,-25.529999999999983,1248.0
1267,140.0,1248.0,-19.72999999999999,1248.0
1268,140.0,1359.0,-30.829999999999984,1248.0
1269,141.0,1297.0,-24.63,1248.0
1270,141.0,1275.0,-22.429999999999993,1248.0
1271,141.0,1248.0,-19.729999999999997,1248.0
1272,141.0,1248.0,-19.729999999999986,1248.0
1273,141.0,1248.0,-19.729999999999986,1248.0
1274,141.0,1309.0,-25.83,1248.0
1275,141.0,1279.0,-22.82999999999998,1248.0
1276,141.0,1299.0,-24.83,1248.0
1277,141.0,1248.0,-19.72999999999999,1248.0
1278,142.0,1267.0,-21.629999999999992,1248.0
1279,142.0,1303.0,-25.229999999999993,1248.0
1280,142.0,1248.0,-19.72999999999999,1248.0
1281,142.0,1472.0,-42.12999999999999,1248.0
1282,142.0,1254.0,-20.32999999999999,1248.0
1283,142.0,1248.0,-19.72999999999999,1248.0
1284,142.0,1309.0,-25.82999999999998,1248.0
1285,142.0,1310.0,-25.929999999999982,1248.0
1286,142.0,1283.0,-23.229999999999997,1248.0
1287,143.0,1286.0,-23.529999999999983,1248.0
1288,143.0,1265.0,-21.42999999999999,1248.0
1289,143.0,1248.0,-19.729999999999993,1248.0
1290,143.0,1324.0,-27.329999999999988,1248.0
1291,143.0,1286.0,-23.529999999999987,1248.0
1292,143.0,1434.0,-38.32999999999999,1248.0
1293,143.0,1248.0,-19.72999999999999,1248.0
1294,143.0,1248.0,-19.729999999999986,1248.0
1295,143.0,1248.0,-19.729999999999986,1248.0
1296,144.0,1292.0,-24.129999999999995,1248.0
1297,144.0,1253.0,-20.22999999999999,1248.0
1298,144.0,1248.0,-19.72999999999999,1248.0
1299,144.0,1271.0,-22.029999999999987,1248.0
1300,144.0,1248.0,-19.729999999999986,1248.0
1301,144.0,1248.0,-19.729999999999986,1248.0
1302,144.0,1309.0,-25.829999999999988,1248.0
1303,144.0,1341.0,-29.029999999999987,1248.0
1304,144.0,1248.0,-19.729999999999986,1248.0
1305,145.0,1283.0,-23.229999999999997,1248.0
1306,145.0,1442.0,-39.12999999999999,1248.0
1307,145.0,1248.0,-19.729999999999997,1248.0
1308,145.0,1248.0,-19.729999999999986,1248.0
1309,145.0,1248.0,-19.729999999999986,1248.0
1310,145.0,1265.0,-21.429999999999993,1248.0
1311,145.0,1262.0,-21.12999999999999,1248.0
1312,145.0,1248.0,-19.72999999999999,1248.0
1313,145.0,1248.0,-19.729999999999986,1248.0
1314,146.0,1317.0,-26.629999999999995,1248.0
1315,146.0,1248.0,-19.729999999999997,1248.0
1316,146.0,1248.0,-19.729999999999986,1248.0
1317,146.0,1341.0,-29.029999999999994,1248.0
1318,146.0,1260.0,-20.929999999999996,1248.0
1319,146.0,1324.0,-27.32999999999999,1248.0
1320,146.0,1248.0,-19.729999999999986,1248.0
1321,146.0,1311.0,-26.029999999999994,1248.0
1322,146.0,1248.0,-19.729999999999997,1248.0
1323,147.0,1248.0,-19.729999999999986,1248.0
1324,147.0,1335.0,-28.42999999999999,1248.0
1325,147.0,1272.0,-22.129999999999992,1248.0
1326,147.0,1248.0,-19.729999999999993,1248.0
1327,147.0,1248.0,-19.729999999999986,1248.0
1328,147.0,1248.0,-19.729999999999986,1248.0
1329,147.0,1256.0,-20.529999999999983,1248.0
1330,147.0,1271.0,-22.029999999999987,1248.0
1331,147.0,1248.0,-19.729999999999986,1248.0
1332,148.0,1337.0,-28.629999999999985,1248.0
1333,148.0,1248.0,-19.72999999999999,1248.0
1334,148.0,1253.0,-20.22999999999999,1248.0
1335,148.0,1425.0,-37.43,1248.0
1336,148.0,1248.0,-19.729999999999993,1248.0
1337,148.0,1248.0,-19.729999999999986,1248.0
1338,148.0,1323.0,-27.229999999999993,1248.0
1339,148.0,1251.0,-20.029999999999994,1248.0
1340,148.0,1340.0,-28.92999999999999,1248.0
1341,149.0,1248.0,-19.72999999999999,1248.0
1342,149.0,1248.0,-19.72999999999999,1248.0
1343,149.0,1248.0,-19.729999999999986,1248.0
1344,149.0,1248.0,-19.72999999999999,1248.0
1345,149.0,1332.0,-28.129999999999995,1248.0
1346,149.0,1340.0,-28.929999999999986,1248.0
1347,149.0,1248.0,-19.729999999999986,1248.0
1348,149.0,1248.0,-19.729999999999986,1248.0
1349,149.0,1384.0,-33.329999999999984,1248.0
1350,150.0,1257.0,-20.629999999999992,1248.0
1351,150.0,1442.0,-39.129999999999995,1248.0
1352,150.0,1282.0,-23.129999999999985,1248.0
1353,150.0,1274.0,-22.329999999999988,1248.0
1354,150.0,1282.0,-23.129999999999985,1248.0
1355,150.0,1265.0,-21.429999999999982,1248.0
1356,150.0,1463.0,-41.23,1248.0
1357,150.0,1339.0,-28.82999999999999,1248.0
1358,150.0,1326.0,-27.529999999999998,1248.0
1359,151.0,1337.0,-28.629999999999992,1248.0
1360,151.0,1285.0,-23.42999999999999,1248.0
1361,151.0,1255.0,-20.429999999999986,1248.0
1362,151.0,1283.0,-23.229999999999993,1248.0
1363,151.0,1368.0,-31.729999999999993,1248.0
1364,151.0,1275.0,-22.42999999999999,1248.0
1365,151.0,1339.0,-28.82999999999998,1248.0
1366,151.0,1248.0,-19.729999999999986,1248.0
1367,151.0,1317.0,-26.63,1248.0
1368,152.0,1248.0,-19.72999999999999,1248.0
1369,152.0,1502.0,-45.12999999999999,1248.0
1370,152.0,1248.0,-19.729999999999993,1248.0
1371,152.0,1248.0,-19.729999999999986,1248.0
1372,152.0,1248.0,-19.729999999999986,1248.0
1373,152.0,1275.0,-22.429999999999986,1248.0
1374,152.0,1354.0,-30.329999999999988,1248.0
1375,152.0,1248.0,-19.729999999999986,1248.0
1376,152.0,1248.0,-19.729999999999986,1248.0
1377,153.0,1279.0,-22.829999999999995,1248.0
1378,153.0,1311.0,-26.029999999999987,1248.0
1379,153.0,1352.0,-30.129999999999992,1248.0
1380,153.0,1248.0,-19.729999999999986,1248.0
1381,153.0,1248.0,-19.729999999999986,1248.0
1382,153.0,1248.0,-19.729999999999986,1248.0
1383,153.0,1326.0,-27.52999999999999,1248.0
1384,153.0,1257.0,-20.62999999999999,1248.0
1385,153.0,1248.0,-19.729999999999986,1248.0
1386,154.0,1248.0,-19.729999999999986,1248.0
1387,154.0,1248.0,-19.729999999999986,1248.0
1388,154.0,1358.0,-30.729999999999997,1248.0
1389,154.0,1248.0,-19.729999999999986,1248.0
1390,154.0,1248.0,-19.729999999999986,1248.0
1391,154.0,1248.0,-19.729999999999986,1248.0
1392,154.0,1248.0,-19.729999999999986,1248.0
1393,154.0,1248.0,-19.729999999999986,1248.0
1394,154.0,1304.0,-25.32999999999999,1248.0
1395,155.0,1248.0,-19.729999999999986,1248.0
1396,155.0,1248.0,-19.729999999999986,1248.0
1397,155.0,1248.0,-19.729999999999986,1248.0
1398,155.0,1296.0,-24.529999999999983,1248.0
1399,155.0,1304.0,-25.32999999999999,1248.0
1400,155.0,1248.0,-19.729999999999986,1248.0
1401,155.0,1275.0,-22.429999999999986,1248.0
1402,155.0,1248.0,-19.72999999999999,1248.0
1403,155.0,1271.0,-22.029999999999987,1248.0
1404,156.0,1327.0,-27.629999999999985,1248.0
1405,156.0,1327.0,-27.629999999999985,1248.0
1406,156.0,1271.0,-22.029999999999987,1248.0
1407,156.0,1248.0,-19.729999999999986,1248.0
1408,156.0,1248.0,-19.729999999999986,1248.0
1409,156.0,1248.0,-19.729999999999986,1248.0
1410,156.0,1248.0,-19.729999999999986,1248.0
1411,156.0,1477.0,-42.62999999999999,1248.0
1412,156.0,1283.0,-23.22999999999999,1248.0
1413,157.0,1269.0,-21.829999999999984,1248.0
1414,157.0,1265.0,-21.42999999999999,1248.0
1415,157.0,1248.0,-19.729999999999986,1248.0
1416,157.0,1248.0,-19.72999999999999,1248.0
1417,157.0,1248.0,-19.729999999999986,1248.0
1418,157.0,1248.0,-19.729999999999986,1248.0
1419,157.0,1248.0,-19.72999999999999,1248.0
1420,157.0,1248.0,-19.729999999999986,1248.0
1421,157.0,1248.0,-19.729999999999986,1248.0
1422,158.0,1248.0,-19.729999999999986,1248.0
1423,158.0,1354.0,-30.329999999999995,1248.0
1424,158.0,1354.0,-30.33,1248.0
1425,158.0,1248.0,-19.729999999999986,1248.0
1426,158.0,1333.0,-28.229999999999986,1248.0
1427,158.0,1248.0,-19.729999999999986,1248.0
1428,158.0,1326.0,-27.529999999999994,1248.0
1429,158.0,1248.0,-19.729999999999986,1248.0
1430,158.0,1248.0,-19.729999999999986,1248.0
1431,159.0,1248.0,-19.729999999999986,1248.0
1432,159.0,1248.0,-19.729999999999993,1248.0
1433,159.0,1299.0,-24.829999999999988,1248.0
1434,159.0,1248.0,-19.72999999999999,1248.0
1435,159.0,1248.0,-19.729999999999986,1248.0
1436,159.0,1361.0,-31.029999999999983,1248.0
1437,159.0,1248.0,-19.729999999999986,1248.0
1438,159.0,1387.0,-33.62999999999998,1248.0
1439,159.0,1248.0,-19.729999999999986,1248.0
1440,160.0,1589.0,-53.83,1248.0
1441,160.0,1255.0,-20.429999999999986,1248.0
1442,160.0,1248.0,-19.72999999999999,1248.0
1443,160.0,1320.0,-26.92999999999999,1248.0
1444,160.0,1248.0,-19.72999999999999,1248.0
1445,160.0,1248.0,-19.72999999999999,1248.0
1446,160.0,1255.0,-20.429999999999993,1248.0
1447,160.0,1275.0,-22.42999999999999,1248.0
1448,160.0,1269.0,-21.829999999999988,1248.0
1449,161.0,1248.0,-19.729999999999986,1248.0
1450,161.0,1371.0,-32.029999999999994,1248.0
1451,161.0,1289.0,-23.82999999999999,1248.0
1452,161.0,1265.0,-21.429999999999986,1248.0
1453,161.0,1331.0,-28.029999999999987,1248.0
1454,161.0,1248.0,-19.729999999999986,1248.0
1455,161.0,1248.0,-19.729999999999986,1248.0
1456,161.0,1283.0,-23.229999999999993,1248.0
1457,161.0,1326.0,-27.529999999999994,1248.0
1458,162.0,1537.0,-48.629999999999995,1248.0
1459,162.0,1265.0,-21.429999999999986,1248.0
1460,162.0,1248.0,-19.72999999999999,1248.0
1461,162.0,1349.0,-29.829999999999984,1248.0
1462,162.0,1248.0,-19.729999999999986,1248.0
1463,162.0,1257.0,-20.629999999999992,1248.0
1464,162.0,1275.0,-22.42999999999999,1248.0
1465,162.0,1283.0,-23.229999999999986,1248.0
1466,162.0,1248.0,-19.729999999999986,1248.0
1467,163.0,1248.0,-19.729999999999986,1248.0
1468,163.0,1265.0,-21.429999999999982,1248.0
1469,163.0,1261.0,-21.02999999999999,1248.0
1470,163.0,1341.0,-29.029999999999987,1248.0
1471,163.0,1275.0,-22.429999999999986,1248.0
1472,163.0,1248.0,-19.729999999999986,1248.0
1473,163.0,1248.0,-19.729999999999986,1248.0
1474,163.0,1430.0,-37.929999999999986,1248.0
1475,163.0,1271.0,-22.029999999999987,1248.0
1476,164.0,1336.0,-28.529999999999987,1248.0
1477,164.0,1413.0,-36.22999999999999,1248.0
1478,164.0,1306.0,-25.52999999999999,1248.0
1479,164.0,1248.0,-19.729999999999993,1248.0
1480,164.0,1271.0,-22.029999999999987,1248.0
1481,164.0,1392.0,-34.12999999999999,1248.0
1482,164.0,1248.0,-19.729999999999986,1248.0
1483,164.0,1248.0,-19.729999999999986,1248.0
1484,164.0,1503.0,-45.22999999999999,1248.0
1485,165.0,1424.0,-37.33,1248.0
1486,165.0,1248.0,-19.729999999999986,1248.0
1487,165.0,1248.0,-19.729999999999993,1248.0
1488,165.0,1282.0,-23.129999999999992,1248.0
1489,165.0,1248.0,-19.729999999999986,1248.0
1490,165.0,1248.0,-19.729999999999986,1248.0
1491,165.0,1274.0,-22.32999999999999,1248.0
1492,165.0,1248.0,-19.729999999999986,1248.0
1493,165.0,1248.0,-19.72999999999999,1248.0
1494,166.0,1281.0,-23.02999999999999,1248.0
1495,166.0,1271.0,-22.02999999999999,1248.0
1496,166.0,1282.0,-23.12999999999998,1248.0
1497,166.0,1332.0,-28.129999999999992,1248.0
1498,166.0,1248.0,-19.729999999999993,1248.0
1499,166.0,1248.0,-19.729999999999986,1248.0
1500,166.0,1248.0,-19.729999999999993,1248.0
1501,166.0,1248.0,-19.73,1248.0
1502,166.0,1365.0,-31.42999999999999,1248.0
1503,167.0,1512.0,-46.129999999999995,1248.0
1504,167.0,1286.0,-23.52999999999999,1248.0
1505,167.0,1248.0,-19.72999999999999,1248.0
1506,167.0,1248.0,-19.729999999999993,1248.0
1507,167.0,1304.0,-25.329999999999995,1248.0
1508,167.0,1304.0,-25.32999999999999,1248.0
1509,167.0,1272.0,-22.129999999999995,1248.0
1510,167.0,1283.0,-23.229999999999997,1248.0
1511,167.0,1306.0,-25.529999999999998,1248.0
1512,168.0,1357.0,-30.629999999999995,1248.0
1513,168.0,1248.0,-19.729999999999986,1248.0
1514,168.0,1302.0,-25.129999999999985,1248.0
1515,168.0,1344.0,-29.32999999999999,1248.0
1516,168.0,1301.0,-25.029999999999994,1248.0
1517,168.0,1248.0,-19.72999999999999,1248.0
1518,168.0,1370.0,-31.929999999999986,1248.0
1519,168.0,1311.0,-26.029999999999994,1248.0
1520,168.0,1248.0,-19.72999999999999,1248.0
1521,169.0,1257.0,-20.629999999999992,1248.0
1522,169.0,1283.0,-23.229999999999993,1248.0
1523,169.0,1403.0,-35.22999999999999,1248.0
1524,169.0,1248.0,-19.729999999999986,1248.0
1525,169.0,1248.0,-19.729999999999986,1248.0
1526,169.0,1248.0,-19.72999999999999,1248.0
1527,169.0,1392.0,-34.12999999999999,1248.0
1528,169.0,1248.0,-19.729999999999986,1248.0
1529,169.0,1418.0,-36.72999999999999,1248.0
1530,170.0,1248.0,-19.72999999999999,1248.0
1531,170.0,1248.0,-19.729999999999986,1248.0
1532,170.0,1248.0,-19.729999999999986,1248.0
1533,170.0,1296.0,-24.529999999999987,1248.0
1534,170.0,1337.0,-28.629999999999985,1248.0
1535,170.0,1248.0,-19.72999999999999,1248.0
1536,170.0,1248.0,-19.72999999999999,1248.0
1537,170.0,1366.0,-31.529999999999998,1248.0
1538,170.0,1332.0,-28.12999999999999,1248.0
1539,171.0,1248.0,-19.729999999999986,1248.0
1540,171.0,1253.0,-20.22999999999999,1248.0
1541,171.0,1248.0,-19.729999999999993,1248.0
1542,171.0,1248.0,-19.72999999999999,1248.0
1543,171.0,1383.0,-33.22999999999999,1248.0
1544,171.0,1250.0,-19.92999999999999,1248.0
1545,171.0,1248.0,-19.72999999999999,1248.0
1546,171.0,1248.0,-19.72999999999999,1248.0
1547,171.0,1248.0,-19.729999999999993,1248.0
1548,172.0,1248.0,-19.729999999999986,1248.0
1549,172.0,1248.0,-19.729999999999993,1248.0
1550,172.0,1287.0,-23.629999999999992,1248.0
1551,172.0,1248.0,-19.729999999999986,1248.0
1552,172.0,1248.0,-19.729999999999997,1248.0
1553,172.0,1248.0,-19.72999999999999,1248.0
1554,172.0,1305.0,-25.429999999999996,1248.0
1555,172.0,1355.0,-30.429999999999986,1248.0
1556,172.0,1268.0,-21.72999999999999,1248.0
1557,173.0,1252.0,-20.13,1248.0
1558,173.0,1248.0,-19.72999999999999,1248.0
1559,173.0,1291.0,-24.029999999999994,1248.0
1560,173.0,1248.0,-19.72999999999999,1248.0
1561,173.0,1345.0,-29.42999999999999,1248.0
1562,173.0,1248.0,-19.729999999999997,1248.0
1563,173.0,1248.0,-19.729999999999986,1248.0
1564,173.0,1248.0,-19.72999999999999,1248.0
1565,173.0,1315.0,-26.429999999999993,1248.0
1566,174.0,1404.0,-35.32999999999998,1248.0
1567,174.0,1294.0,-24.32999999999999,1248.0
1568,174.0,1391.0,-34.029999999999994,1248.0
1569,174.0,1267.0,-21.62999999999999,1248.0
1570,174.0,1328.0,-27.729999999999986,1248.0
1571,174.0,1283.0,-23.229999999999993,1248.0
1572,174.0,1248.0,-19.729999999999986,1248.0
1573,174.0,1416.0,-36.52999999999999,1248.0
1574,174.0,1283.0,-23.229999999999993,1248.0
1575,175.0,1248.0,-19.72999999999999,1248.0
1576,175.0,1248.0,-19.72999999999999,1248.0
1577,175.0,1248.0,-19.72999999999999,1248.0
1578,175.0,1487.0,-43.629999999999995,1248.0
1579,175.0,1265.0,-21.43,1248.0
1580,175.0,1248.0,-19.72999999999999,1248.0
1581,175.0,1494.0,-44.329999999999984,1248.0
1582,175.0,1325.0,-27.429999999999993,1248.0
1583,175.0,1275.0,-22.42999999999999,1248.0
1584,176.0,1251.0,-20.02999999999999,1248.0
1585,176.0,1248.0,-19.72999999999999,1248.0
1586,176.0,1327.0,-27.629999999999992,1248.0
1587,176.0,1248.0,-19.72999999999999,1248.0
1588,176.0,1272.0,-22.13,1248.0
1589,176.0,1248.0,-19.729999999999986,1248.0
1590,176.0,1248.0,-19.729999999999983,1248.0
1591,176.0,1248.0,-19.72999999999999,1248.0
1592,176.0,1248.0,-19.729999999999997,1248.0
1593,177.0,1248.0,-19.72999999999999,1248.0
1594,177.0,1375.0,-32.42999999999999,1248.0
1595,177.0,1473.0,-42.230000000000004,1248.0
1596,177.0,1297.0,-24.629999999999985,1248.0
1597,177.0,1248.0,-19.729999999999986,1248.0
1598,177.0,1248.0,-19.729999999999986,1248.0
1599,177.0,1248.0,-19.729999999999986,1248.0
1600,177.0,1248.0,-19.72999999999999,1248.0
1601,177.0,1248.0,-19.72999999999999,1248.0
1602,178.0,1275.0,-22.429999999999993,1248.0
1603,178.0,1431.0,-38.029999999999994,1248.0
1604,178.0,1248.0,-19.729999999999993,1248.0
1605,178.0,1248.0,-19.72999999999998,1248.0
1606,178.0,1248.0,-19.729999999999986,1248.0
1607,178.0,1248.0,-19.729999999999986,1248.0
1608,178.0,1248.0,-19.72999999999999,1248.0
1609,178.0,1248.0,-19.729999999999986,1248.0
1610,178.0,1248.0,-19.72999999999999,1248.0
1611,179.0,1404.0,-35.32999999999999,1248.0
1612,179.0,1282.0,-23.12999999999998,1248.0
1613,179.0,1248.0,-19.729999999999986,1248.0
1614,179.0,1248.0,-19.72999999999999,1248.0
1615,179.0,1248.0,-19.729999999999986,1248.0
1616,179.0,1338.0,-28.729999999999983,1248.0
1617,179.0,1248.0,-19.729999999999986,1248.0
1618,179.0,1248.0,-19.72999999999999,1248.0
1619,179.0,1347.0,-29.629999999999985,1248.0
1620,180.0,1248.0,-19.72999999999999,1248.0
1621,180.0,1248.0,-19.72999999999999,1248.0
1622,180.0,1248.0,-19.72999999999999,1248.0
1623,180.0,1460.0,-40.92999999999999,1248.0
1624,180.0,1248.0,-19.729999999999986,1248.0
1625,180.0,1248.0,-19.729999999999983,1248.0
1626,180.0,1470.0,-41.92999999999998,1248.0
1627,180.0,1248.0,-19.729999999999986,1248.0
1628,180.0,1248.0,-19.72999999999998,1248.0
1629,181.0,1248.0,-19.72999999999999,1248.0
1630,181.0,1487.0,-43.629999999999995,1248.0
1631,181.0,1248.0,-19.72999999999999,1248.0
1632,181.0,1328.0,-27.729999999999993,1248.0
1633,181.0,1290.0,-23.929999999999993,1248.0
1634,181.0,1248.0,-19.729999999999986,1248.0
1635,181.0,1317.0,-26.629999999999995,1248.0
1636,181.0,1264.0,-21.329999999999984,1248.0
1637,181.0,1248.0,-19.729999999999986,1248.0
1638,182.0,1248.0,-19.72999999999999,1248.0
1639,182.0,1248.0,-19.72999999999999,1248.0
1640,182.0,1248.0,-19.72999999999999,1248.0
1641,182.0,1354.0,-30.33,1248.0
1642,182.0,1325.0,-27.429999999999986,1248.0
1643,182.0,1296.0,-24.52999999999999,1248.0
1644,182.0,1248.0,-19.72999999999999,1248.0
1645,182.0,1257.0,-20.629999999999992,1248.0
1646,182.0,1368.0,-31.729999999999983,1248.0
1647,183.0,1413.0,-36.22999999999999,1248.0
1648,183.0,1338.0,-28.729999999999983,1248.0
1649,183.0,1248.0,-19.72999999999999,1248.0
1650,183.0,1433.0,-38.23,1248.0
1651,183.0,1248.0,-19.72999999999999,1248.0
1652,183.0,1248.0,-19.729999999999993,1248.0
1653,183.0,1248.0,-19.72999999999999,1248.0
1654,183.0,1248.0,-19.72999999999999,1248.0
1655,183.0,1297.0,-24.629999999999992,1248.0
1656,184.0,1248.0,-19.729999999999986,1248.0
1657,184.0,1317.0,-26.629999999999992,1248.0
1658,184.0,1289.0,-23.82999999999999,1248.0
1659,184.0,1294.0,-24.329999999999995,1248.0
1660,184.0,1252.0,-20.129999999999985,1248.0
1661,184.0,1267.0,-21.62999999999999,1248.0
1662,184.0,1283.0,-23.22999999999999,1248.0
1663,184.0,1270.0,-21.929999999999986,1248.0
1664,184.0,1372.0,-32.129999999999995,1248.0
1665,185.0,1264.0,-21.329999999999988,1248.0
1666,185.0,1259.0,-20.82999999999999,1248.0
1667,185.0,1264.0,-21.32999999999999,1248.0
1668,185.0,1324.0,-27.33,1248.0
1669,185.0,1272.0,-22.129999999999992,1248.0
1670,185.0,1296.0,-24.529999999999987,1248.0
1671,185.0,1248.0,-19.729999999999997,1248.0
1672,185.0,1619.0,-56.82999999999999,1248.0
1673,185.0,1283.0,-23.22999999999999,1248.0
1674,186.0,1248.0,-19.72999999999999,1248.0
1675,186.0,1248.0,-19.72999999999999,1248.0
1676,186.0,1339.0,-28.829999999999984,1248.0
1677,186.0,1248.0,-19.729999999999997,1248.0
1678,186.0,1264.0,-21.329999999999988,1248.0
1679,186.0,1314.0,-26.329999999999988,1248.0
1680,186.0,1259.0,-20.829999999999995,1248.0
1681,186.0,1259.0,-20.82999999999999,1248.0
1682,186.0,1248.0,-19.729999999999993,1248.0
1683,187.0,1248.0,-19.729999999999986,1248.0
1684,187.0,1248.0,-19.729999999999986,1248.0
1685,187.0,1248.0,-19.72999999999999,1248.0
1686,187.0,1272.0,-22.129999999999992,1248.0
1687,187.0,1248.0,-19.72999999999999,1248.0
1688,187.0,1248.0,-19.72999999999999,1248.0
1689,187.0,1248.0,-19.729999999999997,1248.0
1690,187.0,1248.0,-19.72999999999999,1248.0
1691,187.0,1341.0,-29.02999999999998,1248.0
1692,188.0,1382.0,-33.129999999999995,1248.0
1693,188.0,1482.0,-43.13,1248.0
1694,188.0,1248.0,-19.72999999999999,1248.0
1695,188.0,1373.0,-32.22999999999999,1248.0
1696,188.0,1405.0,-35.43,1248.0
1697,188.0,1259.0,-20.829999999999995,1248.0
1698,188.0,1309.0,-25.830000000000002,1248.0
1699,188.0,1248.0,-19.729999999999993,1248.0
1700,188.0,1248.0,-19.72999999999999,1248.0
1701,189.0,1265.0,-21.429999999999996,1248.0
1702,189.0,1248.0,-19.72999999999999,1248.0
1703,189.0,1255.0,-20.429999999999996,1248.0
1704,189.0,1271.0,-22.029999999999987,1248.0
1705,189.0,1403.0,-35.22999999999999,1248.0
1706,189.0,1248.0,-19.729999999999993,1248.0
1707,189.0,1248.0,-19.729999999999983,1248.0
1708,189.0,1337.0,-28.62999999999999,1248.0
1709,189.0,1248.0,-19.72999999999999,1248.0
1710,190.0,1248.0,-19.729999999999993,1248.0
1711,190.0,1360.0,-30.92999999999999,1248.0
1712,190.0,1407.0,-35.62999999999999,1248.0
1713,190.0,1248.0,-19.729999999999986,1248.0
1714,190.0,1274.0,-22.32999999999999,1248.0
1715,190.0,1304.0,-25.33,1248.0
1716,190.0,1257.0,-20.629999999999992,1248.0
1717,190.0,1248.0,-19.729999999999993,1248.0
1718,190.0,1248.0,-19.72999999999999,1248.0
1719,191.0,1257.0,-20.629999999999992,1248.0
1720,191.0,1248.0,-19.72999999999999,1248.0
1721,191.0,1248.0,-19.72999999999999,1248.0
1722,191.0,1248.0,-19.72999999999999,1248.0
1723,191.0,1283.0,-23.229999999999993,1248.0
1724,191.0,1350.0,-29.929999999999996,1248.0
1725,191.0,1248.0,-19.729999999999993,1248.0
1726,191.0,1248.0,-19.729999999999983,1248.0
1727,191.0,1248.0,-19.72999999999999,1248.0
1728,192.0,1417.0,-36.63,1248.0
1729,192.0,1304.0,-25.32999999999999,1248.0
1730,192.0,1248.0,-19.72999999999999,1248.0
1731,192.0,1248.0,-19.729999999999983,1248.0
1732,192.0,1297.0,-24.62999999999999,1248.0
1733,192.0,1317.0,-26.629999999999992,1248.0
1734,192.0,1248.0,-19.72999999999999,1248.0
1735,192.0,1433.0,-38.23,1248.0
1736,192.0,1318.0,-26.729999999999997,1248.0
1737,193.0,1248.0,-19.729999999999983,1248.0
1738,193.0,1248.0,-19.729999999999993,1248.0
1739,193.0,1248.0,-19.729999999999986,1248.0
1740,193.0,1314.0,-26.32999999999998,1248.0
1741,193.0,1355.0,-30.429999999999993,1248.0
1742,193.0,1248.0,-19.729999999999993,1248.0
1743,193.0,1702.0,-65.13,1248.0
1744,193.0,1248.0,-19.729999999999993,1248.0
1745,193.0,1466.0,-41.52999999999999,1248.0
1746,194.0,1296.0,-24.529999999999987,1248.0
1747,194.0,1382.0,-33.12999999999999,1248.0
1748,194.0,1283.0,-23.229999999999986,1248.0
1749,194.0,1283.0,-23.229999999999986,1248.0
1750,194.0,1255.0,-20.429999999999996,1248.0
1751,194.0,1248.0,-19.729999999999983,1248.0
1752,194.0,1248.0,-19.72999999999999,1248.0
1753,194.0,1311.0,-26.02999999999998,1248.0
1754,194.0,1326.0,-27.529999999999983,1248.0
1755,195.0,1248.0,-19.72999999999999,1248.0
1756,195.0,1464.0,-41.33,1248.0
1757,195.0,1248.0,-19.72999999999999,1248.0
1758,195.0,1287.0,-23.629999999999992,1248.0
1759,195.0,1252.0,-20.12999999999998,1248.0
1760,195.0,1397.0,-34.62999999999998,1248.0
1761,195.0,1341.0,-29.029999999999987,1248.0
1762,195.0,1321.0,-27.029999999999994,1248.0
1763,195.0,1248.0,-19.72999999999999,1248.0
1764,196.0,1319.0,-26.829999999999984,1248.0
1765,196.0,1370.0,-31.929999999999993,1248.0
1766,196.0,1470.0,-41.93,1248.0
1767,196.0,1369.0,-31.82999999999999,1248.0
1768,196.0,1248.0,-19.72999999999999,1248.0
1769,196.0,1311.0,-26.029999999999994,1248.0
1770,196.0,1411.0,-36.029999999999994,1248.0
1771,196.0,1271.0,-22.029999999999987,1248.0
1772,196.0,1248.0,-19.72999999999999,1248.0
1773,197.0,1248.0,-19.72999999999999,1248.0
1774,197.0,1248.0,-19.729999999999993,1248.0
1775,197.0,1292.0,-24.129999999999978,1248.0
1776,197.0,1320.0,-26.929999999999996,1248.0
1777,197.0,1283.0,-23.229999999999986,1248.0
1778,197.0,1406.0,-35.529999999999994,1248.0
1779,197.0,1377.0,-32.62999999999999,1248.0
1780,197.0,1248.0,-19.729999999999993,1248.0
1781,197.0,1248.0,-19.729999999999986,1248.0
1782,198.0,1248.0,-19.729999999999986,1248.0
1783,198.0,1333.0,-28.23,1248.0
1784,198.0,1248.0,-19.729999999999986,1248.0
1785,198.0,1248.0,-19.729999999999983,1248.0
1786,198.0,1304.0,-25.32999999999999,1248.0
1787,198.0,1248.0,-19.729999999999993,1248.0
1788,198.0,1248.0,-19.729999999999993,1248.0
1789,198.0,1248.0,-19.72999999999999,1248.0
1790,198.0,1317.0,-26.62999999999999,1248.0
1791,199.0,1553.0,-50.22999999999999,1248.0
1792,199.0,1248.0,-19.72999999999999,1248.0
1793,199.0,1248.0,-19.729999999999986,1248.0
1794,199.0,1278.0,-22.72999999999999,1248.0
1795,199.0,1248.0,-19.72999999999999,1248.0
1796,199.0,1275.0,-22.42999999999999,1248.0
1797,199.0,1248.0,-19.72999999999999,1248.0
1798,199.0,1248.0,-19.729999999999983,1248.0
1799,199.0,1375.0,-32.42999999999998,1248.0
1800,200.0,1248.0,-19.729999999999993,1248.0
1801,200.0,1420.0,-36.929999999999986,1248.0
1802,200.0,1248.0,-19.729999999999986,1248.0
1803,200.0,1248.0,-19.72999999999999,1248.0
1804,200.0,1403.0,-35.22999999999998,1248.0
1805,200.0,1248.0,-19.729999999999983,1248.0
1806,200.0,1304.0,-25.32999999999999,1248.0
1807,200.0,1248.0,-19.729999999999983,1248.0
1808,200.0,1366.0,-31.529999999999987,1248.0
1809,201.0,1248.0,-19.729999999999986,1248.0
1810,201.0,1305.0,-25.429999999999996,1248.0
1811,201.0,1398.0,-34.72999999999999,1248.0
1812,201.0,1425.0,-37.42999999999999,1248.0
1813,201.0,1271.0,-22.029999999999987,1248.0
1814,201.0,1248.0,-19.729999999999983,1248.0
1815,201.0,1325.0,-27.42999999999999,1248.0
1816,201.0,1248.0,-19.72999999999999,1248.0
1817,201.0,1248.0,-19.729999999999986,1248.0
1818,202.0,1248.0,-19.729999999999983,1248.0
1819,202.0,1349.0,-29.829999999999988,1248.0
1820,202.0,1418.0,-36.72999999999999,1248.0
1821,202.0,1256.0,-20.529999999999983,1248.0
1822,202.0,1271.0,-22.029999999999983,1248.0
1823,202.0,1271.0,-22.029999999999983,1248.0
1824,202.0,1248.0,-19.72999999999999,1248.0
1825,202.0,1248.0,-19.72999999999999,1248.0
1826,202.0,1271.0,-22.029999999999987,1248.0
1827,203.0,1248.0,-19.729999999999986,1248.0
1828,203.0,1494.0,-44.32999999999999,1248.0
1829,203.0,1248.0,-19.729999999999983,1248.0
1830,203.0,1248.0,-19.72999999999999,1248.0
1831,203.0,1248.0,-19.72999999999999,1248.0
1832,203.0,1271.0,-22.029999999999987,1248.0
1833,203.0,1248.0,-19.72999999999999,1248.0
1834,203.0,1330.0,-27.929999999999996,1248.0
1835,203.0,1385.0,-33.42999999999998,1248.0
1836,204.0,1248.0,-19.729999999999986,1248.0
1837,204.0,1248.0,-19.72999999999999,1248.0
1838,204.0,1248.0,-19.729999999999986,1248.0
1839,204.0,1268.0,-21.72999999999999,1248.0
1840,204.0,1248.0,-19.729999999999986,1248.0
1841,204.0,1248.0,-19.72999999999999,1248.0
1842,204.0,1248.0,-19.729999999999986,1248.0
1843,204.0,1304.0,-25.32999999999999,1248.0
1844,204.0,1248.0,-19.72999999999999,1248.0
1845,205.0,1248.0,-19.729999999999986,1248.0
1846,205.0,1275.0,-22.429999999999986,1248.0
1847,205.0,1275.0,-22.429999999999996,1248.0
1848,205.0,1476.0,-42.52999999999999,1248.0
1849,205.0,1248.0,-19.729999999999986,1248.0
1850,205.0,1248.0,-19.72999999999999,1248.0
1851,205.0,1262.0,-21.129999999999985,1248.0
1852,205.0,1473.0,-42.230000000000004,1248.0
1853,205.0,1302.0,-25.13,1248.0
1854,206.0,1248.0,-19.72999999999999,1248.0
1855,206.0,1248.0,-19.729999999999986,1248.0
1856,206.0,1494.0,-44.32999999999999,1248.0
1857,206.0,1305.0,-25.42999999999999,1248.0
1858,206.0,1395.0,-34.429999999999986,1248.0
1859,206.0,1333.0,-28.229999999999986,1248.0
1860,206.0,1248.0,-19.729999999999986,1248.0
1861,206.0,1248.0,-19.72999999999999,1248.0
1862,206.0,1248.0,-19.729999999999986,1248.0
1863,207.0,1248.0,-19.72999999999999,1248.0
1864,207.0,1248.0,-19.729999999999986,1248.0
1865,207.0,1248.0,-19.729999999999986,1248.0
1866,207.0,1248.0,-19.729999999999986,1248.0
1867,207.0,1275.0,-22.429999999999993,1248.0
1868,207.0,1248.0,-19.729999999999986,1248.0
1869,207.0,1248.0,-19.72999999999999,1248.0
1870,207.0,1248.0,-19.72999999999999,1248.0
1871,207.0,1253.0,-20.229999999999986,1248.0
1872,208.0,1248.0,-19.729999999999997,1248.0
1873,208.0,1248.0,-19.729999999999986,1248.0
1874,208.0,1248.0,-19.729999999999986,1248.0
1875,208.0,1362.0,-31.130000000000003,1248.0
1876,208.0,1314.0,-26.329999999999995,1248.0
1877,208.0,1248.0,-19.729999999999986,1248.0
1878,208.0,1368.0,-31.729999999999993,1248.0
1879,208.0,1248.0,-19.729999999999986,1248.0
1880,208.0,1248.0,-19.72999999999999,1248.0
1881,209.0,1248.0,-19.729999999999993,1248.0
1882,209.0,1248.0,-19.729999999999986,1248.0
1883,209.0,1255.0,-20.429999999999982,1248.0
1884,209.0,1289.0,-23.82999999999999,1248.0
1885,209.0,1248.0,-19.729999999999986,1248.0
1886,209.0,1464.0,-41.33,1248.0
1887,209.0,1248.0,-19.729999999999986,1248.0
1888,209.0,1248.0,-19.729999999999986,1248.0
1889,209.0,1248.0,-19.729999999999986,1248.0
1890,210.0,1248.0,-19.729999999999986,1248.0
1891,210.0,1275.0,-22.429999999999993,1248.0
1892,210.0,1248.0,-19.72999999999999,1248.0
1893,210.0,1248.0,-19.729999999999986,1248.0
1894,210.0,1248.0,-19.72999999999999,1248.0
1895,210.0,1275.0,-22.42999999999999,1248.0
1896,210.0,1248.0,-19.72999999999999,1248.0
1897,210.0,1248.0,-19.72999999999999,1248.0
1898,210.0,1248.0,-19.729999999999986,1248.0
1899,211.0,1248.0,-19.72999999999999,1248.0
1900,211.0,1271.0,-22.029999999999987,1248.0
1901,211.0,1248.0,-19.72999999999999,1248.0
1902,211.0,1248.0,-19.72999999999999,1248.0
1903,211.0,1248.0,-19.729999999999986,1248.0
1904,211.0,1248.0,-19.72999999999999,1248.0
1905,211.0,1271.0,-22.029999999999983,1248.0
1906,211.0,1248.0,-19.729999999999986,1248.0
1907,211.0,1248.0,-19.72999999999999,1248.0
1908,212.0,1321.0,-27.029999999999994,1248.0
1909,212.0,1248.0,-19.729999999999993,1248.0
1910,212.0,1248.0,-19.72999999999999,1248.0
1911,212.0,1248.0,-19.729999999999993,1248.0
1912,212.0,1248.0,-19.729999999999986,1248.0
1913,212.0,1383.0,-33.23,1248.0
1914,212.0,1248.0,-19.729999999999986,1248.0
1915,212.0,1248.0,-19.729999999999986,1248.0
1916,212.0,1248.0,-19.72999999999999,1248.0
1917,213.0,1248.0,-19.729999999999986,1248.0
1918,213.0,1265.0,-21.42999999999999,1248.0
1919,213.0,1275.0,-22.42999999999999,1248.0
1920,213.0,1264.0,-21.329999999999988,1248.0
1921,213.0,1393.0,-34.22999999999998,1248.0
1922,213.0,1248.0,-19.72999999999999,1248.0
1923,213.0,1248.0,-19.72999999999999,1248.0
1924,213.0,1248.0,-19.72999999999999,1248.0
1925,213.0,1248.0,-19.729999999999986,1248.0
1926,214.0,1248.0,-19.72999999999999,1248.0
1927,214.0,1248.0,-19.72999999999999,1248.0
1928,214.0,1248.0,-19.729999999999986,1248.0
1929,214.0,1304.0,-25.32999999999999,1248.0
1930,214.0,1248.0,-19.729999999999986,1248.0
1931,214.0,1248.0,-19.729999999999986,1248.0
1932,214.0,1248.0,-19.729999999999986,1248.0
1933,214.0,1248.0,-19.729999999999986,1248.0
1934,214.0,1248.0,-19.72999999999999,1248.0
1935,215.0,1248.0,-19.72999999999999,1248.0
1936,215.0,1248.0,-19.72999999999999,1248.0
1937,215.0,1248.0,-19.72999999999999,1248.0
1938,215.0,1306.0,-25.52999999999999,1248.0
1939,215.0,1248.0,-19.72999999999999,1248.0
1940,215.0,1248.0,-19.729999999999986,1248.0
1941,215.0,1248.0,-19.729999999999983,1248.0
1942,215.0,1248.0,-19.729999999999983,1248.0
1943,215.0,1248.0,-19.729999999999986,1248.0
1944,216.0,1368.0,-31.729999999999986,1248.0
1945,216.0,1255.0,-20.429999999999986,1248.0
1946,216.0,1248.0,-19.72999999999999,1248.0
1947,216.0,1248.0,-19.72999999999999,1248.0
1948,216.0,1248.0,-19.729999999999986,1248.0
1949,216.0,1248.0,-19.72999999999999,1248.0
1950,216.0,1248.0,-19.72999999999999,1248.0
1951,216.0,1283.0,-23.22999999999999,1248.0
1952,216.0,1248.0,-19.729999999999986,1248.0
1953,217.0,1248.0,-19.72999999999999,1248.0
1954,217.0,1248.0,-19.729999999999986,1248.0
1955,217.0,1248.0,-19.72999999999999,1248.0
1956,217.0,1248.0,-19.72999999999999,1248.0
1957,217.0,1248.0,-19.72999999999999,1248.0
1958,217.0,1248.0,-19.729999999999983,1248.0
1959,217.0,1248.0,-19.72999999999999,1248.0
1960,217.0,1275.0,-22.429999999999986,1248.0
1961,217.0,1248.0,-19.72999999999999,1248.0
1962,218.0,1248.0,-19.729999999999986,1248.0
1963,218.0,1248.0,-19.72999999999999,1248.0
1964,218.0,1248.0,-19.72999999999999,1248.0
1965,218.0,1248.0,-19.72999999999999,1248.0
1966,218.0,1284.0,-23.329999999999984,1248.0
1967,218.0,1248.0,-19.729999999999986,1248.0
1968,218.0,1273.0,-22.229999999999983,1248.0
1969,218.0,1248.0,-19.72999999999999,1248.0
1970,218.0,1248.0,-19.729999999999983,1248.0
1971,219.0,1248.0,-19.72999999999999,1248.0
1972,219.0,1248.0,-19.729999999999986,1248.0
1973,219.0,1248.0,-19.72999999999999,1248.0
1974,219.0,1248.0,-19.729999999999986,1248.0
1975,219.0,1248.0,-19.72999999999999,1248.0
1976,219.0,1322.0,-27.13,1248.0
1977,219.0,1357.0,-30.62999999999998,1248.0
1978,219.0,1248.0,-19.72999999999999,1248.0
1979,219.0,1255.0,-20.429999999999986,1248.0
1980,220.0,1248.0,-19.729999999999993,1248.0
1981,220.0,1248.0,-19.72999999999999,1248.0
1982,220.0,1395.0,-34.42999999999999,1248.0
1983,220.0,1248.0,-19.729999999999986,1248.0
1984,220.0,1268.0,-21.729999999999986,1248.0
1985,220.0,1248.0,-19.729999999999993,1248.0
1986,220.0,1248.0,-19.729999999999986,1248.0
1987,220.0,1248.0,-19.729999999999986,1248.0
1988,220.0,1248.0,-19.72999999999999,1248.0
1989,221.0,1248.0,-19.729999999999986,1248.0
1990,221.0,1248.0,-19.72999999999999,1248.0
1991,221.0,1248.0,-19.729999999999993,1248.0
1992,221.0,1248.0,-19.72999999999999,1248.0
1993,221.0,1248.0,-19.72999999999999,1248.0
1994,221.0,1248.0,-19.729999999999986,1248.0
1995,221.0,1248.0,-19.729999999999983,1248.0
1996,221.0,1248.0,-19.729999999999986,1248.0
1997,221.0,1248.0,-19.72999999999999,1248.0
1998,222.0,1248.0,-19.729999999999983,1248.0
1999,222.0,1248.0,-19.72999999999999,1248.0
2000,222.0,1248.0,-19.729999999999993,1248.0
2001,222.0,1248.0,-19.729999999999993,1248.0
2002,222.0,1248.0,-19.72999999999999,1248.0
2003,222.0,1248.0,-19.729999999999986,1248.0
2004,222.0,1248.0,-19.72999999999999,1248.0
2005,222.0,1248.0,-19.729999999999986,1248.0
2006,222.0,1248.0,-19.729999999999993,1248.0
2007,223.0,1248.0,-19.729999999999986,1248.0
2008,223.0,1248.0,-19.72999999999999,1248.0
2009,223.0,1248.0,-19.729999999999986,1248.0
2010,223.0,1248.0,-19.729999999999986,1248.0
2011,223.0,1248.0,-19.72999999999999,1248.0
2012,223.0,1248.0,-19.72999999999999,1248.0
2013,223.0,1248.0,-19.729999999999986,1248.0
2014,223.0,1248.0,-19.729999999999986,1248.0
2015,223.0,1248.0,-19.72999999999999,1248.0
